"DateTime","Players","Players Trend","Markers"
"2023-10-25 07:30:00",1327,1598,
"2023-10-25 07:40:00",1328,1598,
"2023-10-25 07:50:00",1346,1597,
"2023-10-25 08:00:00",1358,1597,
"2023-10-25 08:10:00",1355,1597,
"2023-10-25 08:20:00",1344,1596,
"2023-10-25 08:30:00",1342,1596,
"2023-10-25 08:40:00",1344,1596,
"2023-10-25 08:50:00",1328,1595,
"2023-10-25 09:00:00",1321,1595,
"2023-10-25 09:10:00",1321,1596,
"2023-10-25 09:20:00",1338,1596,
"2023-10-25 09:30:00",1347,1596,
"2023-10-25 09:40:00",1355,1596,
"2023-10-25 09:50:00",1390,1596,
"2023-10-25 10:00:00",1401,1596,
"2023-10-25 10:10:00",1422,1595,
"2023-10-25 10:20:00",1444,1595,
"2023-10-25 10:30:00",1474,1595,
"2023-10-25 10:40:00",1500,1595,
"2023-10-25 10:50:00",1527,1594,
"2023-10-25 11:00:00",1535,1594,
"2023-10-25 11:10:00",1563,1594,
"2023-10-25 11:20:00",1611,1594,
"2023-10-25 11:30:00",1631,1594,
"2023-10-25 11:40:00",1658,1594,
"2023-10-25 11:50:00",1691,1594,
"2023-10-25 12:00:00",1734,1594,
"2023-10-25 12:10:00",1815,1594,
"2023-10-25 12:20:00",1865,1594,
"2023-10-25 12:30:00",1931,1594,
"2023-10-25 12:40:00",1979,1594,
"2023-10-25 12:50:00",1991,1594,
"2023-10-25 13:00:00",2023,1594,
"2023-10-25 13:10:00",2053,1594,
"2023-10-25 13:20:00",2103,1595,
"2023-10-25 13:30:00",2117,1595,
"2023-10-25 13:40:00",2168,1596,
"2023-10-25 13:50:00",2175,1596,
"2023-10-25 14:00:00",2253,1597,
"2023-10-25 14:10:00",2255,1597,
"2023-10-25 14:20:00",2254,1597,
"2023-10-25 14:30:00",2263,1597,
"2023-10-25 14:40:00",2250,1598,
"2023-10-25 14:50:00",2259,1598,
"2023-10-25 15:00:00",2214,1598,
"2023-10-25 15:10:00",2164,1598,
"2023-10-25 15:20:00",2152,1598,
"2023-10-25 15:30:00",2102,1598,
"2023-10-25 15:40:00",2074,1598,
"2023-10-25 15:50:00",2059,1599,
"2023-10-25 16:00:00",2009,1599,
"2023-10-25 16:10:00",1938,1599,
"2023-10-25 16:20:00",1896,1599,
"2023-10-25 16:30:00",1855,1600,
"2023-10-25 16:40:00",1875,1600,
"2023-10-25 16:50:00",1874,1600,
"2023-10-25 17:00:00",1868,1599,
"2023-10-25 17:10:00",1839,1599,
"2023-10-25 17:20:00",1808,1599,
"2023-10-25 17:30:00",1805,1599,
"2023-10-25 17:40:00",1788,1599,
"2023-10-25 17:50:00",1779,1599,
"2023-10-25 18:00:00",1783,1599,
"2023-10-25 18:10:00",1782,1598,
"2023-10-25 18:20:00",1789,1598,
"2023-10-25 18:30:00",1791,1598,
"2023-10-25 18:40:00",1814,1598,
"2023-10-25 18:50:00",1818,1597,
"2023-10-25 19:00:00",1808,1596,
"2023-10-25 19:10:00",1804,1595,
"2023-10-25 19:20:00",1788,1595,
"2023-10-25 19:30:00",1768,1594,
"2023-10-25 19:40:00",1759,1593,
"2023-10-25 19:50:00",1757,1593,
"2023-10-25 20:00:00",1735,1593,
"2023-10-25 20:10:00",1717,1592,
"2023-10-25 20:20:00",1676,1591,
"2023-10-25 20:30:00",1646,1591,
"2023-10-25 20:40:00",1628,1590,
"2023-10-25 20:50:00",1603,1590,
"2023-10-25 21:00:00",1586,1590,
"2023-10-25 21:10:00",1563,1589,
"2023-10-25 21:20:00",1544,1589,
"2023-10-25 21:30:00",1481,1588,
"2023-10-25 21:40:00",1451,1588,
"2023-10-25 21:50:00",1427,1588,
"2023-10-25 22:00:00",1403,1588,
"2023-10-25 22:10:00",1396,1588,
"2023-10-25 22:20:00",1393,1588,
"2023-10-25 22:30:00",1396,1587,
"2023-10-25 22:40:00",1365,1587,
"2023-10-25 22:50:00",1365,1587,
"2023-10-25 23:00:00",1362,1586,
"2023-10-25 23:10:00",1343,1586,
"2023-10-25 23:20:00",1361,1586,
"2023-10-25 23:30:00",1366,1585,
"2023-10-25 23:40:00",1365,1585,
"2023-10-25 23:50:00",1387,1584,
"2023-10-26 00:00:00",1379,1584,
"2023-10-26 00:10:00",1374,1583,
"2023-10-26 00:20:00",1420,1583,
"2023-10-26 00:30:00",1449,1582,
"2023-10-26 00:40:00",1442,1582,
"2023-10-26 00:50:00",1471,1581,
"2023-10-26 01:00:00",1487,1580,
"2023-10-26 01:10:00",1478,1580,
"2023-10-26 01:20:00",1481,1579,
"2023-10-26 01:30:00",1461,1578,
"2023-10-26 01:40:00",1461,1578,
"2023-10-26 01:50:00",1452,1578,
"2023-10-26 02:00:00",1470,1578,
"2023-10-26 02:10:00",1487,1578,
"2023-10-26 02:20:00",1504,1578,
"2023-10-26 02:30:00",1517,1578,
"2023-10-26 02:40:00",1503,1577,
"2023-10-26 02:50:00",1489,1577,
"2023-10-26 03:00:00",1470,1577,
"2023-10-26 03:10:00",1435,1576,
"2023-10-26 03:20:00",1427,1576,
"2023-10-26 03:30:00",1405,1576,
"2023-10-26 03:40:00",1398,1576,
"2023-10-26 03:50:00",1375,1576,
"2023-10-26 04:00:00",1380,1576,
"2023-10-26 04:10:00",1358,1576,
"2023-10-26 04:20:00",1370,1576,
"2023-10-26 04:30:00",1356,1576,
"2023-10-26 04:40:00",1332,1575,
"2023-10-26 04:50:00",1330,1575,
"2023-10-26 05:00:00",1299,1575,
"2023-10-26 05:10:00",1293,1574,
"2023-10-26 05:20:00",1293,1574,
"2023-10-26 05:30:00",1272,1574,
"2023-10-26 05:40:00",1250,1574,
"2023-10-26 05:50:00",1248,1574,
"2023-10-26 06:00:00",1251,1573,
"2023-10-26 06:10:00",1263,1573,
"2023-10-26 06:20:00",1252,1573,
"2023-10-26 06:30:00",1247,1573,
"2023-10-26 06:40:00",1258,1572,
"2023-10-26 06:50:00",1262,1572,
"2023-10-26 07:00:00",1264,1572,
"2023-10-26 07:10:00",1264,1571,
"2023-10-26 07:20:00",1264,1571,
"2023-10-26 07:30:00",1268,1572,
"2023-10-26 07:40:00",1293,1572,
"2023-10-26 07:50:00",1315,1572,
"2023-10-26 08:00:00",1319,1571,
"2023-10-26 08:10:00",1321,1571,
"2023-10-26 08:20:00",1326,1571,
"2023-10-26 08:30:00",1313,1571,
"2023-10-26 08:40:00",1332,1571,
"2023-10-26 08:50:00",1352,1571,
"2023-10-26 09:00:00",1360,1571,
"2023-10-26 09:10:00",1368,1571,
"2023-10-26 09:20:00",1360,1570,
"2023-10-26 09:30:00",1365,1570,
"2023-10-26 09:40:00",1366,1570,
"2023-10-26 09:50:00",1367,1571,
"2023-10-26 10:00:00",1389,1571,
"2023-10-26 10:10:00",1412,1570,
"2023-10-26 10:20:00",1412,1570,
"2023-10-26 10:30:00",1436,1570,
"2023-10-26 10:40:00",1462,1570,
"2023-10-26 10:50:00",1480,1570,
"2023-10-26 11:00:00",1505,1570,
"2023-10-26 11:10:00",1561,1570,
"2023-10-26 11:20:00",1580,1571,
"2023-10-26 11:30:00",1624,1571,
"2023-10-26 11:40:00",1670,1571,
"2023-10-26 11:50:00",1725,1572,
"2023-10-26 12:00:00",1756,1572,
"2023-10-26 12:10:00",1802,1572,
"2023-10-26 12:20:00",1860,1573,
"2023-10-26 12:30:00",1899,1573,
"2023-10-26 12:40:00",1923,1574,
"2023-10-26 12:50:00",1957,1574,
"2023-10-26 13:00:00",2026,1574,
"2023-10-26 13:10:00",2090,1575,
"2023-10-26 13:20:00",2118,1575,
"2023-10-26 13:30:00",2145,1575,
"2023-10-26 13:40:00",2198,1575,
"2023-10-26 13:50:00",2231,1575,
"2023-10-26 14:00:00",2225,1574,
"2023-10-26 14:10:00",2230,1574,
"2023-10-26 14:20:00",2257,1574,
"2023-10-26 14:30:00",2247,1574,
"2023-10-26 14:40:00",2221,1574,
"2023-10-26 14:50:00",2212,1574,
"2023-10-26 15:00:00",2158,1574,
"2023-10-26 15:10:00",2140,1575,
"2023-10-26 15:20:00",2144,1575,
"2023-10-26 15:30:00",2108,1575,
"2023-10-26 15:40:00",2092,1576,
"2023-10-26 15:50:00",2084,1576,
"2023-10-26 16:00:00",2016,1576,
"2023-10-26 16:10:00",1948,1577,
"2023-10-26 16:20:00",1898,1577,
"2023-10-26 16:30:00",1860,1578,
"2023-10-26 16:40:00",1850,1579,
"2023-10-26 16:50:00",1825,1579,
"2023-10-26 17:00:00",1811,1580,
"2023-10-26 17:10:00",1788,1581,
"2023-10-26 17:20:00",1788,1581,
"2023-10-26 17:30:00",1780,1581,
"2023-10-26 17:40:00",1747,1582,
"2023-10-26 17:50:00",1747,1582,
"2023-10-26 18:00:00",1737,1583,
"2023-10-26 18:10:00",1731,1583,
"2023-10-26 18:20:00",1725,1583,
"2023-10-26 18:30:00",1731,1584,
"2023-10-26 18:40:00",1711,1584,
"2023-10-26 18:50:00",1691,1584,
"2023-10-26 19:00:00",1678,1584,
"2023-10-26 19:10:00",1664,1584,
"2023-10-26 19:20:00",1668,1585,
"2023-10-26 19:30:00",1684,1585,
"2023-10-26 19:40:00",1703,1585,
"2023-10-26 19:50:00",1669,1585,
"2023-10-26 20:00:00",1650,1585,
"2023-10-26 20:10:00",1607,1585,
"2023-10-26 20:20:00",1588,1586,
"2023-10-26 20:30:00",1589,1586,
"2023-10-26 20:40:00",1568,1587,
"2023-10-26 20:50:00",1553,1587,
"2023-10-26 21:00:00",1535,1587,
"2023-10-26 21:10:00",1498,1588,
"2023-10-26 21:20:00",1468,1588,
"2023-10-26 21:30:00",1457,1588,
"2023-10-26 21:40:00",1434,1589,
"2023-10-26 21:50:00",1424,1589,
"2023-10-26 22:00:00",1407,1590,
"2023-10-26 22:10:00",1390,1590,
"2023-10-26 22:20:00",1364,1591,
"2023-10-26 22:30:00",1337,1591,
"2023-10-26 22:40:00",1337,1592,
"2023-10-26 22:50:00",1331,1592,
"2023-10-26 23:00:00",1326,1593,
"2023-10-26 23:10:00",1324,1593,
"2023-10-26 23:20:00",1321,1594,
"2023-10-26 23:30:00",1306,1594,
"2023-10-26 23:40:00",1307,1594,
"2023-10-26 23:50:00",1311,1595,
"2023-10-27 00:00:00",1311,1595,
"2023-10-27 00:10:00",1327,1596,
"2023-10-27 00:20:00",1338,1596,
"2023-10-27 00:30:00",1357,1597,
"2023-10-27 00:40:00",1365,1597,
"2023-10-27 00:50:00",1378,1597,
"2023-10-27 01:00:00",1385,1598,
"2023-10-27 01:10:00",1391,1598,
"2023-10-27 01:20:00",1410,1598,
"2023-10-27 01:30:00",1435,1599,
"2023-10-27 01:40:00",1459,1599,
"2023-10-27 01:50:00",1461,1600,
"2023-10-27 02:00:00",1471,1600,
"2023-10-27 02:10:00",1457,1600,
"2023-10-27 02:20:00",1465,1601,
"2023-10-27 02:30:00",1460,1602,
"2023-10-27 02:40:00",1471,1602,
"2023-10-27 02:50:00",1449,1603,
"2023-10-27 03:00:00",1440,1604,
"2023-10-27 03:10:00",1447,1605,
"2023-10-27 03:20:00",1415,1606,
"2023-10-27 03:30:00",1411,1607,
"2023-10-27 03:40:00",1391,1608,
"2023-10-27 03:50:00",1386,1609,
"2023-10-27 04:00:00",1398,1610,
"2023-10-27 04:10:00",1359,1611,
"2023-10-27 04:20:00",1344,1613,
"2023-10-27 04:30:00",1337,1614,
"2023-10-27 04:40:00",1300,1616,
"2023-10-27 04:50:00",1292,1618,
"2023-10-27 05:00:00",1281,1620,
"2023-10-27 05:10:00",1297,1622,
"2023-10-27 05:20:00",1283,1624,
"2023-10-27 05:30:00",1250,1626,
"2023-10-27 05:40:00",1237,1629,
"2023-10-27 05:50:00",1230,1631,
"2023-10-27 06:00:00",1237,1634,
"2023-10-27 06:10:00",1242,1636,
"2023-10-27 06:20:00",1232,1639,
"2023-10-27 06:30:00",1228,1641,
"2023-10-27 06:40:00",1229,1644,
"2023-10-27 06:50:00",1242,1647,
"2023-10-27 07:00:00",1264,1649,
"2023-10-27 07:10:00",1265,1652,
"2023-10-27 07:20:00",1292,1654,
"2023-10-27 07:30:00",1289,1657,
"2023-10-27 07:40:00",1278,1659,
"2023-10-27 07:50:00",1276,1662,
"2023-10-27 08:00:00",1294,1664,
"2023-10-27 08:10:00",1304,1667,
"2023-10-27 08:20:00",1315,1670,
"2023-10-27 08:30:00",1318,1673,
"2023-10-27 08:40:00",1315,1676,
"2023-10-27 08:50:00",1318,1679,
"2023-10-27 09:00:00",1333,1682,
"2023-10-27 09:10:00",1339,1685,
"2023-10-27 09:20:00",1359,1687,
"2023-10-27 09:30:00",1357,1690,
"2023-10-27 09:40:00",1381,1693,
"2023-10-27 09:50:00",1379,1695,
"2023-10-27 10:00:00",1373,1698,
"2023-10-27 10:10:00",1382,1701,
"2023-10-27 10:20:00",1400,1704,
"2023-10-27 10:30:00",1426,1707,
"2023-10-27 10:40:00",1451,1710,
"2023-10-27 10:50:00",1497,1712,
"2023-10-27 11:00:00",1543,1715,
"2023-10-27 11:10:00",1582,1718,
"2023-10-27 11:20:00",1631,1720,
"2023-10-27 11:30:00",1656,1723,
"2023-10-27 11:40:00",1742,1725,
"2023-10-27 11:50:00",1767,1728,
"2023-10-27 12:00:00",1826,1730,
"2023-10-27 12:10:00",1878,1732,
"2023-10-27 12:20:00",1919,1735,
"2023-10-27 12:30:00",1957,1737,
"2023-10-27 12:40:00",1989,1739,
"2023-10-27 12:50:00",2028,1742,
"2023-10-27 13:00:00",2055,1744,
"2023-10-27 13:10:00",2082,1746,
"2023-10-27 13:20:00",2129,1748,
"2023-10-27 13:30:00",2139,1750,
"2023-10-27 13:40:00",2180,1753,
"2023-10-27 13:50:00",2207,1755,
"2023-10-27 14:00:00",2219,1758,
"2023-10-27 14:10:00",2230,1760,
"2023-10-27 14:20:00",2237,1763,
"2023-10-27 14:30:00",2228,1766,
"2023-10-27 14:40:00",2233,1769,
"2023-10-27 14:50:00",2236,1771,
"2023-10-27 15:00:00",2220,1774,
"2023-10-27 15:10:00",2191,1777,
"2023-10-27 15:20:00",2184,1780,
"2023-10-27 15:30:00",2149,1783,
"2023-10-27 15:40:00",2119,1786,
"2023-10-27 15:50:00",2111,1789,
"2023-10-27 16:00:00",2106,1791,
"2023-10-27 16:10:00",2044,1794,
"2023-10-27 16:20:00",2046,1797,
"2023-10-27 16:30:00",1973,1799,
"2023-10-27 16:40:00",1954,1802,
"2023-10-27 16:50:00",1924,1805,
"2023-10-27 17:00:00",1895,1808,
"2023-10-27 17:10:00",1860,1811,
"2023-10-27 17:20:00",1855,1814,
"2023-10-27 17:30:00",1859,1817,
"2023-10-27 17:40:00",1813,1819,
"2023-10-27 17:50:00",1803,1822,
"2023-10-27 18:00:00",1821,1825,
"2023-10-27 18:10:00",1775,1828,
"2023-10-27 18:20:00",1769,1830,
"2023-10-27 18:30:00",1779,1833,
"2023-10-27 18:40:00",1749,1835,
"2023-10-27 18:50:00",1741,1838,
"2023-10-27 19:00:00",1747,1841,
"2023-10-27 19:10:00",1739,1843,
"2023-10-27 19:20:00",1726,1846,
"2023-10-27 19:30:00",1731,1849,
"2023-10-27 19:40:00",1722,1851,
"2023-10-27 19:50:00",1673,1853,
"2023-10-27 20:00:00",1641,1856,
"2023-10-27 20:10:00",1689,1859,
"2023-10-27 20:20:00",1677,1861,
"2023-10-27 20:30:00",1674,1864,
"2023-10-27 20:40:00",1632,1866,
"2023-10-27 20:50:00",1615,1869,
"2023-10-27 21:00:00",1586,1871,
"2023-10-27 21:10:00",1564,1874,
"2023-10-27 21:20:00",1540,1876,
"2023-10-27 21:30:00",1526,1879,
"2023-10-27 21:40:00",1518,1881,
"2023-10-27 21:50:00",1512,1883,
"2023-10-27 22:00:00",1495,1885,
"2023-10-27 22:10:00",1469,1887,
"2023-10-27 22:20:00",1457,1889,
"2023-10-27 22:30:00",1435,1891,
"2023-10-27 22:40:00",1427,1892,
"2023-10-27 22:50:00",1420,1893,
"2023-10-27 23:00:00",1397,1895,
"2023-10-27 23:10:00",1380,1896,
"2023-10-27 23:20:00",1392,1897,
"2023-10-27 23:30:00",1382,1899,
"2023-10-27 23:40:00",1397,1900,
"2023-10-27 23:50:00",1402,1901,
"2023-10-28 00:00:00",1391,1902,
"2023-10-28 00:10:00",1394,1903,
"2023-10-28 00:20:00",1409,1904,
"2023-10-28 00:30:00",1417,1905,
"2023-10-28 00:40:00",1434,1906,
"2023-10-28 00:50:00",1465,1906,
"2023-10-28 01:00:00",1460,1907,
"2023-10-28 01:10:00",1482,1908,
"2023-10-28 01:20:00",1497,1908,
"2023-10-28 01:30:00",1489,1909,
"2023-10-28 01:40:00",1518,1910,
"2023-10-28 01:50:00",1517,1911,
"2023-10-28 02:00:00",1547,1912,
"2023-10-28 02:10:00",1561,1913,
"2023-10-28 02:20:00",1575,1914,
"2023-10-28 02:30:00",1589,1915,
"2023-10-28 02:40:00",1598,1916,
"2023-10-28 02:50:00",1608,1918,
"2023-10-28 03:00:00",1587,1919,
"2023-10-28 03:10:00",1574,1920,
"2023-10-28 03:20:00",1591,1922,
"2023-10-28 03:30:00",1610,1923,
"2023-10-28 03:40:00",1606,1924,
"2023-10-28 03:50:00",1600,1926,
"2023-10-28 04:00:00",1586,1927,
"2023-10-28 04:10:00",1584,1928,
"2023-10-28 04:20:00",1597,1930,
"2023-10-28 04:30:00",1596,1932,
"2023-10-28 04:40:00",1613,1933,
"2023-10-28 04:50:00",1639,1934,
"2023-10-28 05:00:00",1665,1936,
"2023-10-28 05:10:00",1653,1937,
"2023-10-28 05:20:00",1675,1938,
"2023-10-28 05:30:00",1674,1939,
"2023-10-28 05:40:00",1665,1940,
"2023-10-28 05:50:00",1659,1942,
"2023-10-28 06:00:00",1692,1943,
"2023-10-28 06:10:00",1678,1944,
"2023-10-28 06:20:00",1657,1945,
"2023-10-28 06:30:00",1684,1947,
"2023-10-28 06:40:00",1681,1948,
"2023-10-28 06:50:00",1676,1950,
"2023-10-28 07:00:00",1687,1952,
"2023-10-28 07:10:00",1703,1953,
"2023-10-28 07:20:00",1688,1955,
"2023-10-28 07:30:00",1705,1957,
"2023-10-28 07:40:00",1720,1958,
"2023-10-28 07:50:00",1766,1960,
"2023-10-28 08:00:00",1777,1962,
"2023-10-28 08:10:00",1808,1964,
"2023-10-28 08:20:00",1817,1965,
"2023-10-28 08:30:00",1820,1967,
"2023-10-28 08:40:00",1822,1969,
"2023-10-28 08:50:00",1815,1970,
"2023-10-28 09:00:00",1835,1972,
"2023-10-28 09:10:00",1817,1974,
"2023-10-28 09:20:00",1819,1976,
"2023-10-28 09:30:00",1829,1978,
"2023-10-28 09:40:00",1850,1981,
"2023-10-28 09:50:00",1874,1983,
"2023-10-28 10:00:00",1896,1985,
"2023-10-28 10:10:00",1903,1987,
"2023-10-28 10:20:00",1888,1988,
"2023-10-28 10:30:00",1903,1990,
"2023-10-28 10:40:00",1922,1992,
"2023-10-28 10:50:00",1962,1994,
"2023-10-28 11:00:00",1995,1996,
"2023-10-28 11:10:00",2044,1997,
"2023-10-28 11:20:00",2061,1999,
"2023-10-28 11:30:00",2091,2001,
"2023-10-28 11:40:00",2132,2002,
"2023-10-28 11:50:00",2184,2004,
"2023-10-28 12:00:00",2214,2006,
"2023-10-28 12:10:00",2265,2008,
"2023-10-28 12:20:00",2316,2009,
"2023-10-28 12:30:00",2364,2011,
"2023-10-28 12:40:00",2381,2012,
"2023-10-28 12:50:00",2387,2014,
"2023-10-28 13:00:00",2431,2016,
"2023-10-28 13:10:00",2477,2018,
"2023-10-28 13:20:00",2523,2019,
"2023-10-28 13:30:00",2599,2021,
"2023-10-28 13:40:00",2657,2023,
"2023-10-28 13:50:00",2663,2024,
"2023-10-28 14:00:00",2701,2025,
"2023-10-28 14:10:00",2702,2027,
"2023-10-28 14:20:00",2719,2028,
"2023-10-28 14:30:00",2741,2030,
"2023-10-28 14:40:00",2736,2031,
"2023-10-28 14:50:00",2729,2033,
"2023-10-28 15:00:00",2737,2034,
"2023-10-28 15:10:00",2705,2035,
"2023-10-28 15:20:00",2696,2037,
"2023-10-28 15:30:00",2655,2038,
"2023-10-28 15:40:00",2618,2039,
"2023-10-28 15:50:00",2578,2041,
"2023-10-28 16:00:00",2545,2042,
"2023-10-28 16:10:00",2512,2044,
"2023-10-28 16:20:00",2508,2045,
"2023-10-28 16:30:00",2482,2047,
"2023-10-28 16:40:00",2458,2048,
"2023-10-28 16:50:00",2428,2049,
"2023-10-28 17:00:00",2411,2051,
"2023-10-28 17:10:00",2385,2052,
"2023-10-28 17:20:00",2362,2053,
"2023-10-28 17:30:00",2341,2055,
"2023-10-28 17:40:00",2333,2056,
"2023-10-28 17:50:00",2301,2057,
"2023-10-28 18:00:00",2277,2059,
"2023-10-28 18:10:00",2264,2060,
"2023-10-28 18:20:00",2254,2062,
"2023-10-28 18:30:00",2220,2064,
"2023-10-28 18:40:00",2227,2065,
"2023-10-28 18:50:00",2237,2067,
"2023-10-28 19:00:00",2211,2068,
"2023-10-28 19:10:00",2214,2070,
"2023-10-28 19:20:00",2187,2072,
"2023-10-28 19:30:00",2192,2074,
"2023-10-28 19:40:00",2178,2075,
"2023-10-28 19:50:00",2169,2077,
"2023-10-28 20:00:00",2156,2079,
"2023-10-28 20:10:00",2137,2081,
"2023-10-28 20:20:00",2128,2083,
"2023-10-28 20:30:00",2114,2085,
"2023-10-28 20:40:00",2096,2086,
"2023-10-28 20:50:00",2069,2088,
"2023-10-28 21:00:00",2053,2090,
"2023-10-28 21:10:00",2008,2092,
"2023-10-28 21:20:00",1975,2094,
"2023-10-28 21:30:00",1956,2095,
"2023-10-28 21:40:00",1932,2097,
"2023-10-28 21:50:00",1882,2099,
"2023-10-28 22:00:00",1832,2100,
"2023-10-28 22:10:00",1794,2102,
"2023-10-28 22:20:00",1753,2104,
"2023-10-28 22:30:00",1699,2106,
"2023-10-28 22:40:00",1675,2107,
"2023-10-28 22:50:00",1668,2109,
"2023-10-28 23:00:00",1663,2111,
"2023-10-28 23:10:00",1629,2112,
"2023-10-28 23:20:00",1607,2114,
"2023-10-28 23:30:00",1599,2115,
"2023-10-28 23:40:00",1608,2117,
"2023-10-28 23:50:00",1607,2118,
"2023-10-29 00:00:00",1612,2119,
"2023-10-29 00:10:00",1588,2120,
"2023-10-29 00:20:00",1580,2121,
"2023-10-29 00:30:00",1567,2122,
"2023-10-29 00:40:00",1581,2123,
"2023-10-29 00:50:00",1596,2124,
"2023-10-29 01:00:00",1608,2125,
"2023-10-29 01:10:00",1614,2126,
"2023-10-29 01:20:00",1638,2126,
"2023-10-29 01:30:00",1652,2127,
"2023-10-29 01:40:00",1687,2128,
"2023-10-29 01:50:00",1717,2128,
"2023-10-29 02:00:00",1747,2128,
"2023-10-29 02:10:00",1770,2128,
"2023-10-29 02:20:00",1797,2128,
"2023-10-29 02:30:00",1801,2128,
"2023-10-29 02:40:00",1805,2128,
"2023-10-29 02:50:00",1817,2127,
"2023-10-29 03:00:00",1842,2127,
"2023-10-29 03:10:00",1825,2126,
"2023-10-29 03:20:00",1822,2125,
"2023-10-29 03:30:00",1825,2125,
"2023-10-29 03:40:00",1835,2124,
"2023-10-29 03:50:00",1837,2122,
"2023-10-29 04:00:00",1826,2121,
"2023-10-29 04:10:00",1820,2120,
"2023-10-29 04:20:00",1850,2118,
"2023-10-29 04:30:00",1827,2116,
"2023-10-29 04:40:00",1802,2114,
"2023-10-29 04:50:00",1807,2113,
"2023-10-29 05:00:00",1815,2111,
"2023-10-29 05:10:00",1816,2109,
"2023-10-29 05:20:00",1815,2107,
"2023-10-29 05:30:00",1808,2105,
"2023-10-29 05:40:00",1804,2102,
"2023-10-29 05:50:00",1816,2100,
"2023-10-29 06:00:00",1818,2097,
"2023-10-29 06:10:00",1840,2095,
"2023-10-29 06:20:00",1856,2093,
"2023-10-29 06:30:00",1860,2090,
"2023-10-29 06:40:00",1867,2087,
"2023-10-29 06:50:00",1895,2084,
"2023-10-29 07:00:00",1907,2082,
"2023-10-29 07:10:00",1906,2079,
"2023-10-29 07:20:00",1941,2076,
"2023-10-29 07:30:00",1945,2072,
"2023-10-29 07:40:00",1953,2069,
"2023-10-29 07:50:00",1972,2066,
"2023-10-29 08:00:00",1998,2063,
"2023-10-29 08:10:00",1986,2059,
"2023-10-29 08:20:00",2006,2056,
"2023-10-29 08:30:00",2029,2053,
"2023-10-29 08:40:00",2039,2049,
"2023-10-29 08:50:00",2074,2046,
"2023-10-29 09:00:00",2092,2042,
"2023-10-29 09:10:00",2100,2039,
"2023-10-29 09:20:00",2105,2035,
"2023-10-29 09:30:00",2113,2032,
"2023-10-29 09:40:00",2132,2028,
"2023-10-29 09:50:00",2129,2025,
"2023-10-29 10:00:00",2128,2022,
"2023-10-29 10:10:00",2117,2018,
"2023-10-29 10:20:00",2122,2016,
"2023-10-29 10:30:00",2125,2013,
"2023-10-29 10:40:00",2171,2010,
"2023-10-29 10:50:00",2203,2007,
"2023-10-29 11:00:00",2222,2004,
"2023-10-29 11:10:00",2243,2001,
"2023-10-29 11:20:00",2263,1998,
"2023-10-29 11:30:00",2325,1995,
"2023-10-29 11:40:00",2374,1993,
"2023-10-29 11:50:00",2417,1990,
"2023-10-29 12:00:00",2457,1987,
"2023-10-29 12:10:00",2502,1984,
"2023-10-29 12:20:00",2533,1981,
"2023-10-29 12:30:00",2554,1978,
"2023-10-29 12:40:00",2610,1976,
"2023-10-29 12:50:00",2651,1973,
"2023-10-29 13:00:00",2662,1970,
"2023-10-29 13:10:00",2698,1967,
"2023-10-29 13:20:00",2748,1965,
"2023-10-29 13:30:00",2767,1962,
"2023-10-29 13:40:00",2785,1959,
"2023-10-29 13:50:00",2834,1956,
"2023-10-29 14:00:00",2843,1954,
"2023-10-29 14:10:00",2861,1951,
"2023-10-29 14:20:00",2873,1948,
"2023-10-29 14:30:00",2875,1945,
"2023-10-29 14:40:00",2868,1942,
"2023-10-29 14:50:00",2858,1939,
"2023-10-29 15:00:00",2857,1936,
"2023-10-29 15:10:00",2822,1933,
"2023-10-29 15:20:00",2801,1930,
"2023-10-29 15:30:00",2788,1927,
"2023-10-29 15:40:00",2768,1924,
"2023-10-29 15:50:00",2750,1921,
"2023-10-29 16:00:00",2726,1918,
"2023-10-29 16:10:00",2666,1915,
"2023-10-29 16:20:00",2613,1912,
"2023-10-29 16:30:00",2608,1909,
"2023-10-29 16:40:00",2591,1906,
"2023-10-29 16:50:00",2553,1903,
"2023-10-29 17:00:00",2518,1900,
"2023-10-29 17:10:00",2495,1897,
"2023-10-29 17:20:00",2482,1894,
"2023-10-29 17:30:00",2471,1891,
"2023-10-29 17:40:00",2444,1888,
"2023-10-29 17:50:00",2450,1886,
"2023-10-29 18:00:00",2431,1883,
"2023-10-29 18:10:00",2428,1880,
"2023-10-29 18:20:00",2417,1878,
"2023-10-29 18:30:00",2407,1875,
"2023-10-29 18:40:00",2408,1873,
"2023-10-29 18:50:00",2409,1870,
"2023-10-29 19:00:00",2410,1868,
"2023-10-29 19:10:00",2394,1865,
"2023-10-29 19:20:00",2406,1863,
"2023-10-29 19:30:00",2411,1861,
"2023-10-29 19:40:00",2411,1858,
"2023-10-29 19:50:00",2408,1856,
"2023-10-29 20:00:00",2384,1854,
"2023-10-29 20:10:00",2346,1852,
"2023-10-29 20:20:00",2301,1849,
"2023-10-29 20:30:00",2307,1847,
"2023-10-29 20:40:00",2307,1845,
"2023-10-29 20:50:00",2281,1843,
"2023-10-29 21:00:00",2269,1842,
"2023-10-29 21:10:00",2236,1840,
"2023-10-29 21:20:00",2199,1838,
"2023-10-29 21:30:00",2160,1836,
"2023-10-29 21:40:00",2130,1835,
"2023-10-29 21:50:00",2106,1833,
"2023-10-29 22:00:00",2081,1832,
"2023-10-29 22:10:00",2053,1831,
"2023-10-29 22:20:00",2012,1829,
"2023-10-29 22:30:00",1977,1828,
"2023-10-29 22:40:00",1955,1827,
"2023-10-29 22:50:00",1909,1826,
"2023-10-29 23:00:00",1889,1825,
"2023-10-29 23:10:00",1850,1824,
"2023-10-29 23:20:00",1820,1823,
"2023-10-29 23:30:00",1824,1822,
"2023-10-29 23:40:00",1800,1821,
"2023-10-29 23:50:00",1779,1821,
"2023-10-30 00:00:00",1758,1820,
"2023-10-30 00:10:00",1740,1819,
"2023-10-30 00:20:00",1740,1819,
"2023-10-30 00:30:00",1743,1818,
"2023-10-30 00:40:00",1739,1818,
"2023-10-30 00:50:00",1740,1817,
"2023-10-30 01:00:00",1733,1817,
"2023-10-30 01:10:00",1720,1816,
"2023-10-30 01:20:00",1717,1816,
"2023-10-30 01:30:00",1700,1815,
"2023-10-30 01:40:00",1712,1815,
"2023-10-30 01:50:00",1712,1814,
"2023-10-30 02:00:00",1719,1813,
"2023-10-30 02:10:00",1696,1812,
"2023-10-30 02:20:00",1698,1812,
"2023-10-30 02:30:00",1672,1811,
"2023-10-30 02:40:00",1655,1810,
"2023-10-30 02:50:00",1655,1809,
"2023-10-30 03:00:00",1634,1808,
"2023-10-30 03:10:00",1599,1807,
"2023-10-30 03:20:00",1587,1806,
"2023-10-30 03:30:00",1563,1805,
"2023-10-30 03:40:00",1523,1804,
"2023-10-30 03:50:00",1486,1803,
"2023-10-30 04:00:00",1468,1802,
"2023-10-30 04:10:00",1436,1801,
"2023-10-30 04:20:00",1408,1799,
"2023-10-30 04:30:00",1408,1798,
"2023-10-30 04:40:00",1401,1797,
"2023-10-30 04:50:00",1398,1796,
"2023-10-30 05:00:00",1388,1795,
"2023-10-30 05:10:00",1350,1794,
"2023-10-30 05:20:00",1323,1793,
"2023-10-30 05:30:00",1302,1792,
"2023-10-30 05:40:00",1283,1791,
"2023-10-30 05:50:00",1294,1790,
"2023-10-30 06:00:00",1282,1789,
"2023-10-30 06:10:00",1268,1787,
"2023-10-30 06:20:00",1258,1786,
"2023-10-30 06:30:00",1246,1785,
"2023-10-30 06:40:00",1245,1783,
"2023-10-30 06:50:00",1237,1781,
"2023-10-30 07:00:00",1230,1780,
"2023-10-30 07:10:00",1206,1778,
"2023-10-30 07:20:00",1209,1777,
"2023-10-30 07:30:00",1198,1775,
"2023-10-30 07:40:00",1210,1773,
"2023-10-30 07:50:00",1229,1772,
"2023-10-30 08:00:00",1250,1770,
"2023-10-30 08:10:00",1251,1768,
"2023-10-30 08:20:00",1239,1766,
"2023-10-30 08:30:00",1233,1764,
"2023-10-30 08:40:00",1244,1763,
"2023-10-30 08:50:00",1263,1761,
"2023-10-30 09:00:00",1275,1759,
"2023-10-30 09:10:00",1277,1757,
"2023-10-30 09:20:00",1287,1755,
"2023-10-30 09:30:00",1295,1753,
"2023-10-30 09:40:00",1328,1750,
"2023-10-30 09:50:00",1351,1748,
"2023-10-30 10:00:00",1380,1746,
"2023-10-30 10:10:00",1409,1744,
"2023-10-30 10:20:00",1428,1742,
"2023-10-30 10:30:00",1427,1740,
"2023-10-30 10:40:00",1454,1739,
"2023-10-30 10:50:00",1496,1737,
"2023-10-30 11:00:00",1538,1735,
"2023-10-30 11:10:00",1560,1733,
"2023-10-30 11:20:00",1585,1731,
"2023-10-30 11:30:00",1644,1729,
"2023-10-30 11:40:00",1678,1727,
"2023-10-30 11:50:00",1715,1725,
"2023-10-30 12:00:00",1755,1723,
"2023-10-30 12:10:00",1809,1721,
"2023-10-30 12:20:00",1844,1718,
"2023-10-30 12:30:00",1889,1716,
"2023-10-30 12:40:00",1924,1714,
"2023-10-30 12:50:00",1937,1712,
"2023-10-30 13:00:00",1997,1710,
"2023-10-30 13:10:00",2041,1707,
"2023-10-30 13:20:00",2077,1705,
"2023-10-30 13:30:00",2121,1703,
"2023-10-30 13:40:00",2137,1700,
"2023-10-30 13:50:00",2154,1698,
"2023-10-30 14:00:00",2167,1695,
"2023-10-30 14:10:00",2151,1693,
"2023-10-30 14:20:00",2176,1690,
"2023-10-30 14:30:00",2155,1688,
"2023-10-30 14:40:00",2153,1685,
"2023-10-30 14:50:00",2166,1683,
"2023-10-30 15:00:00",2148,1680,
"2023-10-30 15:10:00",2139,1678,
"2023-10-30 15:20:00",2123,1675,
"2023-10-30 15:30:00",2098,1673,
"2023-10-30 15:40:00",2068,1670,
"2023-10-30 15:50:00",2012,1668,
"2023-10-30 16:00:00",1993,1665,
"2023-10-30 16:10:00",1955,1663,
"2023-10-30 16:20:00",1924,1661,
"2023-10-30 16:30:00",1863,1658,
"2023-10-30 16:40:00",1853,1656,
"2023-10-30 16:50:00",1835,1654,
"2023-10-30 17:00:00",1813,1651,
"2023-10-30 17:10:00",1783,1649,
"2023-10-30 17:20:00",1764,1647,
"2023-10-30 17:30:00",1765,1644,
"2023-10-30 17:40:00",1797,1642,
"2023-10-30 17:50:00",1792,1640,
"2023-10-30 18:00:00",1774,1637,
"2023-10-30 18:10:00",1762,1635,
"2023-10-30 18:20:00",1758,1633,
"2023-10-30 18:30:00",1789,1630,
"2023-10-30 18:40:00",1766,1628,
"2023-10-30 18:50:00",1755,1626,
"2023-10-30 19:00:00",1761,1623,
"2023-10-30 19:10:00",1756,1621,
"2023-10-30 19:20:00",1757,1619,
"2023-10-30 19:30:00",1766,1616,
"2023-10-30 19:40:00",1766,1614,
"2023-10-30 19:50:00",1762,1611,
"2023-10-30 20:00:00",1756,1609,
"2023-10-30 20:10:00",1752,1607,
"2023-10-30 20:20:00",1756,1605,
"2023-10-30 20:30:00",1734,1603,
"2023-10-30 20:40:00",1729,1600,
"2023-10-30 20:50:00",1742,1598,
"2023-10-30 21:00:00",1727,1596,
"2023-10-30 21:10:00",1703,1594,
"2023-10-30 21:20:00",1697,1592,
"2023-10-30 21:30:00",1653,1590,
"2023-10-30 21:40:00",1652,1589,
"2023-10-30 21:50:00",1659,1587,
"2023-10-30 22:00:00",1626,1585,
"2023-10-30 22:10:00",1606,1583,
"2023-10-30 22:20:00",1556,1577,
"2023-10-30 22:30:00",1539,1575,
"2023-10-30 22:40:00",1524,1573,
"2023-10-30 22:50:00",1525,1572,
"2023-10-30 23:00:00",1519,1570,
"2023-10-30 23:10:00",1512,1569,
"2023-10-30 23:20:00",1487,1567,
"2023-10-30 23:30:00",1487,1566,
"2023-10-30 23:40:00",1488,1564,
"2023-10-30 23:50:00",1495,1563,
"2023-10-31 00:00:00",1504,1562,
"2023-10-31 00:10:00",1482,1561,
"2023-10-31 00:20:00",1463,1559,
"2023-10-31 00:30:00",1488,1558,
"2023-10-31 00:40:00",1486,1557,
"2023-10-31 00:50:00",1492,1556,
"2023-10-31 01:00:00",1512,1554,
"2023-10-31 01:10:00",1526,1553,
"2023-10-31 01:20:00",1530,1552,
"2023-10-31 01:30:00",1511,1551,
"2023-10-31 01:40:00",1505,1550,
"2023-10-31 01:50:00",1516,1548,
"2023-10-31 02:00:00",1520,1547,
"2023-10-31 02:10:00",1509,1546,
"2023-10-31 02:20:00",1516,1545,
"2023-10-31 02:30:00",1515,1544,
"2023-10-31 02:40:00",1508,1543,
"2023-10-31 02:50:00",1501,1542,
"2023-10-31 03:00:00",1478,1541,
"2023-10-31 03:10:00",1436,1540,
"2023-10-31 03:20:00",1429,1539,
"2023-10-31 03:30:00",1396,1538,
"2023-10-31 03:40:00",1383,1538,
"2023-10-31 03:50:00",1371,1537,
"2023-10-31 04:00:00",1376,1537,
"2023-10-31 04:10:00",1355,1536,
"2023-10-31 04:20:00",1338,1535,
"2023-10-31 04:30:00",1336,1535,
"2023-10-31 04:40:00",1328,1534,
"2023-10-31 04:50:00",1325,1533,
"2023-10-31 05:00:00",1333,1533,
"2023-10-31 05:10:00",1319,1532,
"2023-10-31 05:20:00",1303,1531,
"2023-10-31 05:30:00",1292,1531,
"2023-10-31 05:40:00",1282,1530,
"2023-10-31 05:50:00",1275,1530,
"2023-10-31 06:00:00",1235,1529,
"2023-10-31 06:10:00",1235,1529,
"2023-10-31 06:20:00",1214,1528,
"2023-10-31 06:30:00",1205,1528,
"2023-10-31 06:40:00",1196,1527,
"2023-10-31 06:50:00",1201,1527,
"2023-10-31 07:00:00",1203,1526,
"2023-10-31 07:10:00",1202,1526,
"2023-10-31 07:20:00",1204,1526,
"2023-10-31 07:30:00",1196,1526,
"2023-10-31 07:40:00",1183,1526,
"2023-10-31 07:50:00",1182,1526,
"2023-10-31 08:00:00",1188,1526,
"2023-10-31 08:10:00",1204,1526,
"2023-10-31 08:20:00",1233,1526,
"2023-10-31 08:30:00",1254,1525,
"2023-10-31 08:40:00",1260,1525,
"2023-10-31 08:50:00",1256,1525,
"2023-10-31 09:00:00",1247,1525,
"2023-10-31 09:10:00",1202,1525,
"2023-10-31 09:20:00",1191,1525,
"2023-10-31 09:30:00",1202,1525,
"2023-10-31 09:40:00",1240,1526,
"2023-10-31 09:50:00",1272,1526,
"2023-10-31 10:00:00",1308,1526,
"2023-10-31 10:10:00",1322,1526,
"2023-10-31 10:20:00",1353,1526,
"2023-10-31 10:30:00",1385,1527,
"2023-10-31 10:40:00",1416,1527,
"2023-10-31 10:50:00",1425,1527,
"2023-10-31 11:00:00",1440,1527,
"2023-10-31 11:10:00",1455,1527,
"2023-10-31 11:20:00",1476,1527,
"2023-10-31 11:30:00",1524,1527,
"2023-10-31 11:40:00",1561,1527,
"2023-10-31 11:50:00",1629,1527,
"2023-10-31 12:00:00",1655,1527,
"2023-10-31 12:10:00",1678,1527,
"2023-10-31 12:20:00",1692,1527,
"2023-10-31 12:30:00",1746,1527,
"2023-10-31 12:40:00",1787,1527,
"2023-10-31 12:50:00",1812,1527,
"2023-10-31 13:00:00",1826,1528,
"2023-10-31 13:10:00",1878,1528,
"2023-10-31 13:20:00",1899,1528,
"2023-10-31 13:30:00",1924,1528,
"2023-10-31 13:40:00",1938,1528,
"2023-10-31 13:50:00",1955,1528,
"2023-10-31 14:00:00",1975,1528,
"2023-10-31 14:10:00",1967,1528,
"2023-10-31 14:20:00",1963,1528,
"2023-10-31 14:30:00",1973,1528,
"2023-10-31 14:40:00",1955,1528,
"2023-10-31 14:50:00",1971,1528,
"2023-10-31 15:00:00",1965,1528,
"2023-10-31 15:10:00",1960,1528,
"2023-10-31 15:20:00",1934,1528,
"2023-10-31 15:30:00",1925,1528,
"2023-10-31 15:40:00",1900,1528,
"2023-10-31 15:50:00",1869,1528,
"2023-10-31 16:00:00",1850,1528,
"2023-10-31 16:10:00",1813,1528,
"2023-10-31 16:20:00",1789,1528,
"2023-10-31 16:30:00",1785,1529,
"2023-10-31 16:40:00",1757,1529,
"2023-10-31 16:50:00",1726,1529,
"2023-10-31 17:00:00",1676,1529,
"2023-10-31 17:10:00",1647,1530,
"2023-10-31 17:20:00",1626,1530,
"2023-10-31 17:30:00",1626,1530,
"2023-10-31 17:40:00",1624,1530,
"2023-10-31 17:50:00",1621,1530,
"2023-10-31 18:00:00",1605,1530,
"2023-10-31 18:10:00",1615,1530,
"2023-10-31 18:20:00",1608,1530,
"2023-10-31 18:30:00",1602,1530,
"2023-10-31 18:40:00",1592,1530,
"2023-10-31 18:50:00",1593,1530,
"2023-10-31 19:00:00",1606,1531,
"2023-10-31 19:10:00",1599,1531,
"2023-10-31 19:20:00",1576,1531,
"2023-10-31 19:30:00",1586,1531,
"2023-10-31 19:40:00",1591,1531,
"2023-10-31 19:50:00",1597,1531,
"2023-10-31 20:00:00",1598,1531,
"2023-10-31 20:10:00",1601,1531,
"2023-10-31 20:20:00",1594,1531,
"2023-10-31 20:30:00",1576,1531,
"2023-10-31 20:40:00",1578,1531,
"2023-10-31 20:50:00",1589,1531,
"2023-10-31 21:00:00",1583,1531,
"2023-10-31 21:10:00",1567,1531,
"2023-10-31 21:20:00",1531,1531,
"2023-10-31 21:30:00",1517,1530,
"2023-10-31 21:40:00",1496,1530,
"2023-10-31 21:50:00",1475,1530,
"2023-10-31 22:00:00",1444,1530,
"2023-10-31 22:10:00",519,1527,
"2023-10-31 22:20:00",1298,1530,
"2023-10-31 22:30:00",1391,1530,
"2023-10-31 22:40:00",1389,1530,
"2023-10-31 22:50:00",1388,1530,
"2023-10-31 23:00:00",1372,1530,
"2023-10-31 23:10:00",1364,1530,
"2023-10-31 23:20:00",1363,1530,
"2023-10-31 23:30:00",1366,1530,
"2023-10-31 23:40:00",1361,1530,
"2023-10-31 23:50:00",1335,1529,
"2023-11-01 00:00:00",1344,1529,
"2023-11-01 00:10:00",1335,1529,
"2023-11-01 00:20:00",1336,1530,
"2023-11-01 00:30:00",1334,1530,
"2023-11-01 00:40:00",1348,1530,
"2023-11-01 00:50:00",1341,1530,
"2023-11-01 01:00:00",1338,1530,
"2023-11-01 01:10:00",1330,1530,
"2023-11-01 01:20:00",1347,1530,
"2023-11-01 01:30:00",1356,1530,
"2023-11-01 01:40:00",1359,1530,
"2023-11-01 01:50:00",1357,1530,
"2023-11-01 02:00:00",1347,1531,
"2023-11-01 02:10:00",1342,1531,
"2023-11-01 02:20:00",1355,1531,
"2023-11-01 02:30:00",1355,1531,
"2023-11-01 02:40:00",1361,1531,
"2023-11-01 02:50:00",1360,1532,
"2023-11-01 03:00:00",1349,1532,
"2023-11-01 03:10:00",1330,1532,
"2023-11-01 03:20:00",1326,1532,
"2023-11-01 03:30:00",1308,1533,
"2023-11-01 03:40:00",1307,1533,
"2023-11-01 03:50:00",1293,1533,
"2023-11-01 04:00:00",1261,1533,
"2023-11-01 04:10:00",1236,1533,
"2023-11-01 04:20:00",1222,1533,
"2023-11-01 04:30:00",1192,1533,
"2023-11-01 04:40:00",1196,1534,
"2023-11-01 04:50:00",1192,1534,
"2023-11-01 05:00:00",1169,1533,
"2023-11-01 05:10:00",1155,1533,
"2023-11-01 05:20:00",1145,1533,
"2023-11-01 05:30:00",1140,1533,
"2023-11-01 05:40:00",1136,1533,
"2023-11-01 05:50:00",1134,1533,
"2023-11-01 06:00:00",1130,1532,
"2023-11-01 06:10:00",1118,1532,
"2023-11-01 06:20:00",1112,1532,
"2023-11-01 06:30:00",1111,1532,
"2023-11-01 06:40:00",1112,1532,
"2023-11-01 06:50:00",1143,1532,
"2023-11-01 07:00:00",1146,1532,
"2023-11-01 07:10:00",1142,1532,
"2023-11-01 07:20:00",1151,1532,
"2023-11-01 07:30:00",1162,1533,
"2023-11-01 07:40:00",1172,1533,
"2023-11-01 07:50:00",1174,1533,
"2023-11-01 08:00:00",1195,1533,
"2023-11-01 08:10:00",1190,1533,
"2023-11-01 08:20:00",1192,1533,
"2023-11-01 08:30:00",1216,1534,
"2023-11-01 08:40:00",1231,1534,
"2023-11-01 08:50:00",1237,1534,
"2023-11-01 09:00:00",1251,1534,
"2023-11-01 09:10:00",1289,1534,
"2023-11-01 09:20:00",1295,1535,
"2023-11-01 09:30:00",1301,1535,
"2023-11-01 09:40:00",1342,1535,
"2023-11-01 09:50:00",1368,1536,
"2023-11-01 10:00:00",1382,1536,
"2023-11-01 10:10:00",1393,1536,
"2023-11-01 10:20:00",1430,1537,
"2023-11-01 10:30:00",1452,1537,
"2023-11-01 10:40:00",1474,1537,
"2023-11-01 10:50:00",1500,1537,
"2023-11-01 11:00:00",1513,1537,
"2023-11-01 11:10:00",1539,1538,
"2023-11-01 11:20:00",1564,1538,
"2023-11-01 11:30:00",1595,1539,
"2023-11-01 11:40:00",1650,1539,
"2023-11-01 11:50:00",1696,1539,
"2023-11-01 12:00:00",1724,1540,
"2023-11-01 12:10:00",1784,1540,
"2023-11-01 12:20:00",1817,1540,
"2023-11-01 12:30:00",1881,1541,
"2023-11-01 12:40:00",1921,1541,
"2023-11-01 12:50:00",1965,1542,
"2023-11-01 13:00:00",1957,1542,
"2023-11-01 13:10:00",2004,1542,
"2023-11-01 13:20:00",2033,1542,
"2023-11-01 13:30:00",2065,1543,
"2023-11-01 13:40:00",2080,1543,
"2023-11-01 13:50:00",2098,1544,
"2023-11-01 14:00:00",2108,1544,
"2023-11-01 14:10:00",2138,1544,
"2023-11-01 14:20:00",2157,1544,
"2023-11-01 14:30:00",2144,1545,
"2023-11-01 14:40:00",2141,1548,
"2023-11-01 14:50:00",2101,1553,
"2023-11-01 15:00:00",2089,1560,
"2023-11-01 15:10:00",2095,1568,
"2023-11-01 15:20:00",2103,1578,
"2023-11-01 15:30:00",2077,1588,
"2023-11-01 15:40:00",2023,1600,
"2023-11-01 15:50:00",1999,1612,
"2023-11-01 16:00:00",1977,1625,
"2023-11-01 16:10:00",1955,1639,
"2023-11-01 16:20:00",1952,1653,
"2023-11-01 16:30:00",1925,1667,
"2023-11-01 16:40:00",1890,1682,
"2023-11-01 16:50:00",1868,1697,
"2023-11-01 17:00:00",1835,1712,
"2023-11-01 17:10:00",1810,1728,
"2023-11-01 17:20:00",1802,1744,
"2023-11-01 17:30:00",1786,1760,
"2023-11-01 17:40:00",1784,1777,
"2023-11-01 17:50:00",1773,1793,
"2023-11-01 18:00:00",1743,1810,
"2023-11-01 18:10:00",1744,1827,
"2023-11-01 18:20:00",1753,1843,
"2023-11-01 18:30:00",1755,1860,
"2023-11-01 18:40:00",1751,1877,
"2023-11-01 18:50:00",1759,1895,
"2023-11-01 19:00:00",1746,1912,
"2023-11-01 19:10:00",1755,1930,
"2023-11-01 19:20:00",1753,1947,
"2023-11-01 19:30:00",1748,1965,
"2023-11-01 19:40:00",1737,1983,
"2023-11-01 19:50:00",1738,2001,
"2023-11-01 20:00:00",1732,2019,
"2023-11-01 20:10:00",1753,2037,
"2023-11-01 20:20:00",1741,2055,
"2023-11-01 20:30:00",1739,2073,
"2023-11-01 20:40:00",1724,2091,
"2023-11-01 20:50:00",1682,2109,
"2023-11-01 21:00:00",1667,2127,
"2023-11-01 21:10:00",1657,2145,
"2023-11-01 21:20:00",1629,2163,
"2023-11-01 21:30:00",1614,2182,
"2023-11-01 21:40:00",1600,2199,
"2023-11-01 21:50:00",1592,2217,
"2023-11-01 22:00:00",1563,2235,
"2023-11-01 22:10:00",1560,2256,
"2023-11-01 22:20:00",1548,2274,
"2023-11-01 22:30:00",1524,2291,
"2023-11-01 22:40:00",1493,2309,
"2023-11-01 22:50:00",1488,2326,
"2023-11-01 23:00:00",1472,2343,
"2023-11-01 23:10:00",1461,2360,
"2023-11-01 23:20:00",1461,2377,
"2023-11-01 23:30:00",1471,2394,
"2023-11-01 23:40:00",1467,2410,
"2023-11-01 23:50:00",1486,2427,
"2023-11-02 00:00:00",1491,2444,
"2023-11-02 00:10:00",1507,2460,
"2023-11-02 00:20:00",1498,2477,
"2023-11-02 00:30:00",1496,2494,
"2023-11-02 00:40:00",1490,2511,
"2023-11-02 00:50:00",1496,2528,
"2023-11-02 01:00:00",1524,2545,
"2023-11-02 01:10:00",1538,2562,
"2023-11-02 01:20:00",1552,2579,
"2023-11-02 01:30:00",1550,2597,
"2023-11-02 01:40:00",1571,2614,
"2023-11-02 01:50:00",1574,2631,
"2023-11-02 02:00:00",1567,2648,
"2023-11-02 02:10:00",1564,2666,
"2023-11-02 02:20:00",1571,2683,
"2023-11-02 02:30:00",1561,2700,
"2023-11-02 02:40:00",1550,2717,
"2023-11-02 02:50:00",1550,2734,
"2023-11-02 03:00:00",1547,2751,
"2023-11-02 03:10:00",1536,2768,
"2023-11-02 03:20:00",1499,2785,
"2023-11-02 03:30:00",1479,2801,
"2023-11-02 03:40:00",1471,2817,
"2023-11-02 03:50:00",1437,2833,
"2023-11-02 04:00:00",1404,2849,
"2023-11-02 04:10:00",1392,2864,
"2023-11-02 04:20:00",1374,2880,
"2023-11-02 04:30:00",1364,2895,
"2023-11-02 04:40:00",1352,2909,
"2023-11-02 04:50:00",1332,2924,
"2023-11-02 05:00:00",1301,2938,
"2023-11-02 05:10:00",1276,2952,
"2023-11-02 05:20:00",1263,2966,
"2023-11-02 05:30:00",1239,2980,
"2023-11-02 05:40:00",1234,2994,
"2023-11-02 05:50:00",1227,3008,
"2023-11-02 06:00:00",1230,3021,
"2023-11-02 06:10:00",1217,3035,
"2023-11-02 06:20:00",1215,3048,
"2023-11-02 06:30:00",1212,3061,
"2023-11-02 06:40:00",1221,3074,
"2023-11-02 06:50:00",1223,3087,
"2023-11-02 07:00:00",1223,3100,
"2023-11-02 07:10:00",1235,3113,
"2023-11-02 07:20:00",1236,3125,
"2023-11-02 07:30:00",1226,3138,
"2023-11-02 07:40:00",1249,3151,
"2023-11-02 07:50:00",1270,3163,
"2023-11-02 08:00:00",1281,3176,
"2023-11-02 08:10:00",1280,3188,
"2023-11-02 08:20:00",1287,3200,
"2023-11-02 08:30:00",1267,3213,
"2023-11-02 08:40:00",1283,3225,
"2023-11-02 08:50:00",1285,3238,
"2023-11-02 09:00:00",1306,3250,
"2023-11-02 09:10:00",1309,3263,
"2023-11-02 09:20:00",1330,3275,
"2023-11-02 09:30:00",1352,3288,
"2023-11-02 09:40:00",1373,3301,
"2023-11-02 09:50:00",1384,3314,
"2023-11-02 10:00:00",1398,3327,
"2023-11-02 10:10:00",1417,3341,
"2023-11-02 10:20:00",1425,3354,
"2023-11-02 10:30:00",1452,3368,
"2023-11-02 10:40:00",1474,3382,
"2023-11-02 10:50:00",1525,3396,
"2023-11-02 11:00:00",1584,3411,
"2023-11-02 11:10:00",1601,3426,
"2023-11-02 11:20:00",1652,3441,
"2023-11-02 11:30:00",1657,3457,
"2023-11-02 11:40:00",1676,3472,
"2023-11-02 11:50:00",1719,3488,
"2023-11-02 12:00:00",1759,3505,
"2023-11-02 12:10:00",1771,3522,
"2023-11-02 12:20:00",1818,3539,
"2023-11-02 12:30:00",1855,3556,
"2023-11-02 12:40:00",1895,3574,
"2023-11-02 12:50:00",1910,3593,
"2023-11-02 13:00:00",1942,3612,
"2023-11-02 13:10:00",1968,3631,
"2023-11-02 13:20:00",2015,3651,
"2023-11-02 13:30:00",2045,3672,
"2023-11-02 13:40:00",2055,3694,
"2023-11-02 13:50:00",2057,3715,
"2023-11-02 14:00:00",2052,3736,
"2023-11-02 14:10:00",1962,3758,
"2023-11-02 14:20:00",2300,3781,
"2023-11-02 14:30:00",2862,3806,
"2023-11-02 14:40:00",3477,3833,
"2023-11-02 14:50:00",3951,3861,
"2023-11-02 15:00:00",4462,3890,
"2023-11-02 15:10:00",4851,3919,
"2023-11-02 15:20:00",5154,3949,
"2023-11-02 15:30:00",5399,3978,
"2023-11-02 15:40:00",5644,4008,
"2023-11-02 15:50:00",5865,4039,
"2023-11-02 16:00:00",6011,4069,
"2023-11-02 16:10:00",6109,4099,
"2023-11-02 16:20:00",6250,4129,
"2023-11-02 16:30:00",6309,4159,
"2023-11-02 16:40:00",6364,4189,
"2023-11-02 16:50:00",6463,4219,
"2023-11-02 17:00:00",6515,4249,
"2023-11-02 17:10:00",6594,4279,
"2023-11-02 17:20:00",6650,4308,
"2023-11-02 17:30:00",6674,4337,
"2023-11-02 17:40:00",6804,4366,
"2023-11-02 17:50:00",6827,4395,
"2023-11-02 18:00:00",6865,4424,
"2023-11-02 18:10:00",6845,4452,
"2023-11-02 18:20:00",6876,4481,
"2023-11-02 18:30:00",6949,4509,
"2023-11-02 18:40:00",6997,4537,
"2023-11-02 18:50:00",7109,4566,
"2023-11-02 19:00:00",7165,4594,
"2023-11-02 19:10:00",7185,4623,
"2023-11-02 19:20:00",7233,4651,
"2023-11-02 19:30:00",7239,4679,
"2023-11-02 19:40:00",7281,4708,
"2023-11-02 19:50:00",7330,4736,
"2023-11-02 20:00:00",7374,4765,
"2023-11-02 20:10:00",7337,4793,
"2023-11-02 20:20:00",7380,4822,
"2023-11-02 20:30:00",7425,4851,
"2023-11-02 20:40:00",7429,4881,
"2023-11-02 20:50:00",7434,4910,
"2023-11-02 21:00:00",7441,4939,
"2023-11-02 21:10:00",7446,4969,
"2023-11-02 21:20:00",7417,4998,
"2023-11-02 21:30:00",7346,5028,
"2023-11-02 21:40:00",7266,5057,
"2023-11-02 21:50:00",7230,5086,
"2023-11-02 22:00:00",7226,5115,
"2023-11-02 22:10:00",7186,5145,
"2023-11-02 22:20:00",7132,5173,
"2023-11-02 22:30:00",7126,5202,
"2023-11-02 22:40:00",7151,5231,
"2023-11-02 22:50:00",7098,5260,
"2023-11-02 23:00:00",7057,5288,
"2023-11-02 23:10:00",6982,5316,
"2023-11-02 23:20:00",6963,5343,
"2023-11-02 23:30:00",6945,5371,
"2023-11-02 23:40:00",6905,5398,
"2023-11-02 23:50:00",6918,5425,
"2023-11-03 00:00:00",6889,5452,
"2023-11-03 00:10:00",6934,5479,
"2023-11-03 00:20:00",7025,5506,
"2023-11-03 00:30:00",7058,5533,
"2023-11-03 00:40:00",7130,5561,
"2023-11-03 00:50:00",7203,5589,
"2023-11-03 01:00:00",7173,5617,
"2023-11-03 01:10:00",7162,5645,
"2023-11-03 01:20:00",7166,5673,
"2023-11-03 01:30:00",7193,5701,
"2023-11-03 01:40:00",7263,5730,
"2023-11-03 01:50:00",7291,5759,
"2023-11-03 02:00:00",7285,5788,
"2023-11-03 02:10:00",7317,5818,
"2023-11-03 02:20:00",7319,5847,
"2023-11-03 02:30:00",7290,5877,
"2023-11-03 02:40:00",7281,5908,
"2023-11-03 02:50:00",7232,5938,
"2023-11-03 03:00:00",7213,5968,
"2023-11-03 03:10:00",7147,5999,
"2023-11-03 03:20:00",7129,6029,
"2023-11-03 03:30:00",7051,6059,
"2023-11-03 03:40:00",6889,6089,
"2023-11-03 03:50:00",6849,6119,
"2023-11-03 04:00:00",6830,6150,
"2023-11-03 04:10:00",6650,6179,
"2023-11-03 04:20:00",6550,6209,
"2023-11-03 04:30:00",6489,6238,
"2023-11-03 04:40:00",6426,6267,
"2023-11-03 04:50:00",6406,6296,
"2023-11-03 05:00:00",6400,6325,
"2023-11-03 05:10:00",6323,6354,
"2023-11-03 05:20:00",6233,6382,
"2023-11-03 05:30:00",6241,6411,
"2023-11-03 05:40:00",6163,6440,
"2023-11-03 05:50:00",6145,6469,
"2023-11-03 06:00:00",6114,6497,
"2023-11-03 06:10:00",6047,6526,
"2023-11-03 06:20:00",6033,6554,
"2023-11-03 06:30:00",6016,6583,
"2023-11-03 06:40:00",5997,6611,
"2023-11-03 06:50:00",5951,6640,
"2023-11-03 07:00:00",5950,6668,
"2023-11-03 07:10:00",5958,6697,
"2023-11-03 07:20:00",5972,6726,
"2023-11-03 07:30:00",5965,6755,
"2023-11-03 07:40:00",5960,6784,
"2023-11-03 07:50:00",5956,6813,
"2023-11-03 08:00:00",5969,6843,
"2023-11-03 08:10:00",6010,6872,
"2023-11-03 08:20:00",6029,6902,
"2023-11-03 08:30:00",6049,6932,
"2023-11-03 08:40:00",6116,6962,
"2023-11-03 08:50:00",6108,6992,
"2023-11-03 09:00:00",6110,7022,
"2023-11-03 09:10:00",6206,7053,
"2023-11-03 09:20:00",6276,7084,
"2023-11-03 09:30:00",6343,7115,
"2023-11-03 09:40:00",6483,7146,
"2023-11-03 09:50:00",6611,7178,
"2023-11-03 10:00:00",6701,7210,
"2023-11-03 10:10:00",6742,7242,
"2023-11-03 10:20:00",6887,7275,
"2023-11-03 10:30:00",6937,7308,
"2023-11-03 10:40:00",7053,7341,
"2023-11-03 10:50:00",7226,7376,
"2023-11-03 11:00:00",7375,7410,
"2023-11-03 11:10:00",7526,7446,
"2023-11-03 11:20:00",7695,7481,
"2023-11-03 11:30:00",7820,7518,
"2023-11-03 11:40:00",7963,7555,
"2023-11-03 11:50:00",8227,7594,
"2023-11-03 12:00:00",8351,7633,
"2023-11-03 12:10:00",8541,7673,
"2023-11-03 12:20:00",8758,7715,
"2023-11-03 12:30:00",8951,7757,
"2023-11-03 12:40:00",9182,7800,
"2023-11-03 12:50:00",9420,7844,
"2023-11-03 13:00:00",9657,7889,
"2023-11-03 13:10:00",9957,7936,
"2023-11-03 13:20:00",10269,7984,
"2023-11-03 13:30:00",10427,8032,
"2023-11-03 13:40:00",10458,8081,
"2023-11-03 13:50:00",10564,8130,
"2023-11-03 14:00:00",10723,8181,
"2023-11-03 14:10:00",10902,8233,
"2023-11-03 14:20:00",11157,8285,
"2023-11-03 14:30:00",11330,8335,
"2023-11-03 14:40:00",11580,8382,
"2023-11-03 14:50:00",11709,8428,
"2023-11-03 15:00:00",11766,8472,
"2023-11-03 15:10:00",11825,8514,
"2023-11-03 15:20:00",11835,8554,
"2023-11-03 15:30:00",11785,8593,
"2023-11-03 15:40:00",11789,8631,
"2023-11-03 15:50:00",11697,8668,
"2023-11-03 16:00:00",11603,8703,
"2023-11-03 16:10:00",11538,8738,
"2023-11-03 16:20:00",11452,8772,
"2023-11-03 16:30:00",11321,8805,
"2023-11-03 16:40:00",11229,8837,
"2023-11-03 16:50:00",11161,8868,
"2023-11-03 17:00:00",11103,8899,
"2023-11-03 17:10:00",10901,8928,
"2023-11-03 17:20:00",10759,8956,
"2023-11-03 17:30:00",10717,8984,
"2023-11-03 17:40:00",10627,9010,
"2023-11-03 17:50:00",10528,9036,
"2023-11-03 18:00:00",10435,9061,
"2023-11-03 18:10:00",10319,9085,
"2023-11-03 18:20:00",10257,9109,
"2023-11-03 18:30:00",10267,9133,
"2023-11-03 18:40:00",10260,9156,
"2023-11-03 18:50:00",10218,9178,
"2023-11-03 19:00:00",10150,9200,
"2023-11-03 19:10:00",10112,9221,
"2023-11-03 19:20:00",10078,9241,
"2023-11-03 19:30:00",10062,9262,
"2023-11-03 19:40:00",10087,9282,
"2023-11-03 19:50:00",10122,9302,
"2023-11-03 20:00:00",10176,9322,
"2023-11-03 20:10:00",10194,9342,
"2023-11-03 20:20:00",10269,9362,
"2023-11-03 20:30:00",10261,9381,
"2023-11-03 20:40:00",10239,9400,
"2023-11-03 20:50:00",10242,9420,
"2023-11-03 21:00:00",10243,9439,
"2023-11-03 21:10:00",10219,9458,
"2023-11-03 21:20:00",10190,9477,
"2023-11-03 21:30:00",10131,9496,
"2023-11-03 21:40:00",10177,9515,
"2023-11-03 21:50:00",10150,9534,
"2023-11-03 22:00:00",10158,9553,
"2023-11-03 22:10:00",10026,9571,
"2023-11-03 22:20:00",9954,9589,
"2023-11-03 22:30:00",9839,9607,
"2023-11-03 22:40:00",9748,9624,
"2023-11-03 22:50:00",9664,9641,
"2023-11-03 23:00:00",9568,9657,
"2023-11-03 23:10:00",9463,9674,
"2023-11-03 23:20:00",9318,9689,
"2023-11-03 23:30:00",9266,9705,
"2023-11-03 23:40:00",9222,9721,
"2023-11-03 23:50:00",9226,9736,
"2023-11-04 00:00:00",9201,9751,
"2023-11-04 00:10:00",9234,9767,
"2023-11-04 00:20:00",9226,9781,
"2023-11-04 00:30:00",9244,9795,
"2023-11-04 00:40:00",9325,9810,
"2023-11-04 00:50:00",9408,9824,
"2023-11-04 01:00:00",9425,9838,
"2023-11-04 01:10:00",9455,9852,
"2023-11-04 01:20:00",9535,9867,
"2023-11-04 01:30:00",9650,9882,
"2023-11-04 01:40:00",9739,9897,
"2023-11-04 01:50:00",9843,9912,
"2023-11-04 02:00:00",9966,9928,
"2023-11-04 02:10:00",10046,9945,
"2023-11-04 02:20:00",10170,9962,
"2023-11-04 02:30:00",10214,9979,
"2023-11-04 02:40:00",10263,9997,
"2023-11-04 02:50:00",10344,10015,
"2023-11-04 03:00:00",10338,10034,
"2023-11-04 03:10:00",10316,10053,
"2023-11-04 03:20:00",10274,10072,
"2023-11-04 03:30:00",10278,10091,
"2023-11-04 03:40:00",10257,10111,
"2023-11-04 03:50:00",10239,10130,
"2023-11-04 04:00:00",10215,10150,
"2023-11-04 04:10:00",10127,10170,
"2023-11-04 04:20:00",10044,10191,
"2023-11-04 04:30:00",9987,10211,
"2023-11-04 04:40:00",9938,10232,
"2023-11-04 04:50:00",9884,10253,
"2023-11-04 05:00:00",9857,10274,
"2023-11-04 05:10:00",9803,10295,
"2023-11-04 05:20:00",9780,10317,
"2023-11-04 05:30:00",9784,10338,
"2023-11-04 05:40:00",9805,10360,
"2023-11-04 05:50:00",9780,10382,
"2023-11-04 06:00:00",9746,10404,
"2023-11-04 06:10:00",9770,10427,
"2023-11-04 06:20:00",9800,10449,
"2023-11-04 06:30:00",9769,10472,
"2023-11-04 06:40:00",9844,10495,
"2023-11-04 06:50:00",9877,10519,
"2023-11-04 07:00:00",9922,10543,
"2023-11-04 07:10:00",9943,10567,
"2023-11-04 07:20:00",9966,10591,
"2023-11-04 07:30:00",10005,10615,
"2023-11-04 07:40:00",10133,10640,
"2023-11-04 07:50:00",10211,10666,
"2023-11-04 08:00:00",10277,10692,
"2023-11-04 08:10:00",10309,10718,
"2023-11-04 08:20:00",10340,10744,
"2023-11-04 08:30:00",10348,10770,
"2023-11-04 08:40:00",10382,10796,
"2023-11-04 08:50:00",10480,10822,
"2023-11-04 09:00:00",10533,10849,
"2023-11-04 09:10:00",10552,10876,
"2023-11-04 09:20:00",10601,10902,
"2023-11-04 09:30:00",10684,10928,
"2023-11-04 09:40:00",10750,10954,
"2023-11-04 09:50:00",10816,10980,
"2023-11-04 10:00:00",10841,11005,
"2023-11-04 10:10:00",10929,11031,
"2023-11-04 10:20:00",11144,11057,
"2023-11-04 10:30:00",11269,11084,
"2023-11-04 10:40:00",11393,11110,
"2023-11-04 10:50:00",11576,11137,
"2023-11-04 11:00:00",11695,11164,
"2023-11-04 11:10:00",11863,11191,
"2023-11-04 11:20:00",12125,11219,
"2023-11-04 11:30:00",12357,11247,
"2023-11-04 11:40:00",12622,11276,
"2023-11-04 11:50:00",12844,11304,
"2023-11-04 12:00:00",13148,11334,
"2023-11-04 12:10:00",13381,11363,
"2023-11-04 12:20:00",13655,11393,
"2023-11-04 12:30:00",13907,11423,
"2023-11-04 12:40:00",14235,11454,
"2023-11-04 12:50:00",14472,11484,
"2023-11-04 13:00:00",14746,11515,
"2023-11-04 13:10:00",15000,11546,
"2023-11-04 13:20:00",15309,11577,
"2023-11-04 13:30:00",15499,11608,
"2023-11-04 13:40:00",15760,11640,
"2023-11-04 13:50:00",16050,11673,
"2023-11-04 14:00:00",16265,11705,
"2023-11-04 14:10:00",16414,11738,
"2023-11-04 14:20:00",16511,11770,
"2023-11-04 14:30:00",16579,11801,
"2023-11-04 14:40:00",16684,11831,
"2023-11-04 14:50:00",16741,11860,
"2023-11-04 15:00:00",16806,11890,
"2023-11-04 15:10:00",16743,11919,
"2023-11-04 15:20:00",16725,11947,
"2023-11-04 15:30:00",16670,11975,
"2023-11-04 15:40:00",16679,12003,
"2023-11-04 15:50:00",16676,12031,
"2023-11-04 16:00:00",16581,12060,
"2023-11-04 16:10:00",16512,12087,
"2023-11-04 16:20:00",16358,12115,
"2023-11-04 16:30:00",16269,12142,
"2023-11-04 16:40:00",16162,12169,
"2023-11-04 16:50:00",15945,12195,
"2023-11-04 17:00:00",15797,12220,
"2023-11-04 17:10:00",15655,12246,
"2023-11-04 17:20:00",15497,12271,
"2023-11-04 17:30:00",15259,12296,
"2023-11-04 17:40:00",15128,12321,
"2023-11-04 17:50:00",15048,12345,
"2023-11-04 18:00:00",14969,12370,
"2023-11-04 18:10:00",14775,12394,
"2023-11-04 18:20:00",14682,12418,
"2023-11-04 18:30:00",14532,12441,
"2023-11-04 18:40:00",14378,12464,
"2023-11-04 18:50:00",14307,12487,
"2023-11-04 19:00:00",14245,12510,
"2023-11-04 19:10:00",14175,12532,
"2023-11-04 19:20:00",14043,12554,
"2023-11-04 19:30:00",14003,12577,
"2023-11-04 19:40:00",14011,12599,
"2023-11-04 19:50:00",14008,12621,
"2023-11-04 20:00:00",13947,12643,
"2023-11-04 20:10:00",13869,12664,
"2023-11-04 20:20:00",13791,12685,
"2023-11-04 20:30:00",13848,12705,
"2023-11-04 20:40:00",13868,12726,
"2023-11-04 20:50:00",13890,12747,
"2023-11-04 21:00:00",13829,12767,
"2023-11-04 21:10:00",13706,12787,
"2023-11-04 21:20:00",13546,12805,
"2023-11-04 21:30:00",13457,12824,
"2023-11-04 21:40:00",13382,12842,
"2023-11-04 21:50:00",13277,12859,
"2023-11-04 22:00:00",13158,12875,
"2023-11-04 22:10:00",13060,12892,
"2023-11-04 22:20:00",12981,12908,
"2023-11-04 22:30:00",12863,12924,
"2023-11-04 22:40:00",12740,12940,
"2023-11-04 22:50:00",12685,12956,
"2023-11-04 23:00:00",12587,12971,
"2023-11-04 23:10:00",12438,12986,
"2023-11-04 23:20:00",12320,13002,
"2023-11-04 23:30:00",12208,13016,
"2023-11-04 23:40:00",12159,13031,
"2023-11-04 23:50:00",12093,13045,
"2023-11-05 00:00:00",12069,13059,
"2023-11-05 00:10:00",11968,13072,
"2023-11-05 00:20:00",11887,13085,
"2023-11-05 00:30:00",11903,13098,
"2023-11-05 00:40:00",11956,13110,
"2023-11-05 00:50:00",11931,13122,
"2023-11-05 01:00:00",11898,13134,
"2023-11-05 01:10:00",11869,13146,
"2023-11-05 01:20:00",11944,13157,
"2023-11-05 01:30:00",11986,13168,
"2023-11-05 01:40:00",12091,13179,
"2023-11-05 01:50:00",12249,13191,
"2023-11-05 02:00:00",12403,13202,
"2023-11-05 02:10:00",12520,13213,
"2023-11-05 02:20:00",12617,13224,
"2023-11-05 02:30:00",12674,13235,
"2023-11-05 02:40:00",12820,13246,
"2023-11-05 02:50:00",12883,13257,
"2023-11-05 03:00:00",12901,13268,
"2023-11-05 03:10:00",12886,13278,
"2023-11-05 03:20:00",12862,13289,
"2023-11-05 03:30:00",12835,13299,
"2023-11-05 03:40:00",12792,13309,
"2023-11-05 03:50:00",12776,13319,
"2023-11-05 04:00:00",12745,13329,
"2023-11-05 04:10:00",12714,13339,
"2023-11-05 04:20:00",12631,13349,
"2023-11-05 04:30:00",12687,13359,
"2023-11-05 04:40:00",12732,13370,
"2023-11-05 04:50:00",12750,13381,
"2023-11-05 05:00:00",12758,13392,
"2023-11-05 05:10:00",12717,13403,
"2023-11-05 05:20:00",12727,13414,
"2023-11-05 05:30:00",12743,13425,
"2023-11-05 05:40:00",12770,13436,
"2023-11-05 05:50:00",12759,13447,
"2023-11-05 06:00:00",12697,13457,
"2023-11-05 06:10:00",12777,13468,
"2023-11-05 06:20:00",12887,13479,
"2023-11-05 06:30:00",12901,13490,
"2023-11-05 06:40:00",12873,13500,
"2023-11-05 06:50:00",12885,13510,
"2023-11-05 07:00:00",12906,13520,
"2023-11-05 07:10:00",13012,13531,
"2023-11-05 07:20:00",13141,13541,
"2023-11-05 07:30:00",13242,13552,
"2023-11-05 07:40:00",13350,13563,
"2023-11-05 07:50:00",13445,13574,
"2023-11-05 08:00:00",13552,13585,
"2023-11-05 08:10:00",13624,13595,
"2023-11-05 08:20:00",13609,13606,
"2023-11-05 08:30:00",13633,13617,
"2023-11-05 08:40:00",13711,13628,
"2023-11-05 08:50:00",13877,13640,
"2023-11-05 09:00:00",13912,13652,
"2023-11-05 09:10:00",13890,13663,
"2023-11-05 09:20:00",13895,13674,
"2023-11-05 09:30:00",13944,13685,
"2023-11-05 09:40:00",14105,13696,
"2023-11-05 09:50:00",14193,13708,
"2023-11-05 10:00:00",14200,13720,
"2023-11-05 10:10:00",14353,13732,
"2023-11-05 10:20:00",14586,13744,
"2023-11-05 10:30:00",14770,13757,
"2023-11-05 10:40:00",14992,13770,
"2023-11-05 10:50:00",15162,13784,
"2023-11-05 11:00:00",15388,13798,
"2023-11-05 11:10:00",15613,13813,
"2023-11-05 11:20:00",15809,13827,
"2023-11-05 11:30:00",16051,13842,
"2023-11-05 11:40:00",16237,13856,
"2023-11-05 11:50:00",16476,13871,
"2023-11-05 12:00:00",16721,13886,
"2023-11-05 12:10:00",17021,13901,
"2023-11-05 12:20:00",17345,13917,
"2023-11-05 12:30:00",17624,13932,
"2023-11-05 12:40:00",17790,13947,
"2023-11-05 12:50:00",18138,13963,
"2023-11-05 13:00:00",18462,13979,
"2023-11-05 13:10:00",18708,13995,
"2023-11-05 13:20:00",18933,14011,
"2023-11-05 13:30:00",19116,14027,
"2023-11-05 13:40:00",19355,14043,
"2023-11-05 13:50:00",19528,14058,
"2023-11-05 14:00:00",19647,14072,
"2023-11-05 14:10:00",19655,14086,
"2023-11-05 14:20:00",19657,14100,
"2023-11-05 14:30:00",19720,14114,
"2023-11-05 14:40:00",19735,14127,
"2023-11-05 14:50:00",19706,14139,
"2023-11-05 15:00:00",19651,14152,
"2023-11-05 15:10:00",19492,14163,
"2023-11-05 15:20:00",19444,14174,
"2023-11-05 15:30:00",19215,14184,
"2023-11-05 15:40:00",19032,14193,
"2023-11-05 15:50:00",18968,14202,
"2023-11-05 16:00:00",18775,14209,
"2023-11-05 16:10:00",18486,14216,
"2023-11-05 16:20:00",18202,14222,
"2023-11-05 16:30:00",17953,14227,
"2023-11-05 16:40:00",17842,14232,
"2023-11-05 16:50:00",17545,14236,
"2023-11-05 17:00:00",17376,14241,
"2023-11-05 17:10:00",17104,14245,
"2023-11-05 17:20:00",17011,14249,
"2023-11-05 17:30:00",16834,14254,
"2023-11-05 17:40:00",16621,14258,
"2023-11-05 17:50:00",16516,14263,
"2023-11-05 18:00:00",16423,14267,
"2023-11-05 18:10:00",16272,14272,
"2023-11-05 18:20:00",16159,14277,
"2023-11-05 18:30:00",16122,14283,
"2023-11-05 18:40:00",16072,14289,
"2023-11-05 18:50:00",16086,14296,
"2023-11-05 19:00:00",15999,14303,
"2023-11-05 19:10:00",15882,14310,
"2023-11-05 19:20:00",15908,14317,
"2023-11-05 19:30:00",15920,14325,
"2023-11-05 19:40:00",15968,14334,
"2023-11-05 19:50:00",15944,14342,
"2023-11-05 20:00:00",15921,14350,
"2023-11-05 20:10:00",15891,14359,
"2023-11-05 20:20:00",15805,14367,
"2023-11-05 20:30:00",15673,14375,
"2023-11-05 20:40:00",15582,14382,
"2023-11-05 20:50:00",15496,14389,
"2023-11-05 21:00:00",15345,14395,
"2023-11-05 21:10:00",15184,14401,
"2023-11-05 21:20:00",15022,14404,
"2023-11-05 21:30:00",14840,14409,
"2023-11-05 21:40:00",14598,14414,
"2023-11-05 21:50:00",14471,14418,
"2023-11-05 22:00:00",14236,14422,
"2023-11-05 22:10:00",14049,14426,
"2023-11-05 22:20:00",13828,14428,
"2023-11-05 22:30:00",13577,14430,
"2023-11-05 22:40:00",13428,14432,
"2023-11-05 22:50:00",13236,14434,
"2023-11-05 23:00:00",13039,14434,
"2023-11-05 23:10:00",12811,14435,
"2023-11-05 23:20:00",12603,14435,
"2023-11-05 23:30:00",12402,14435,
"2023-11-05 23:40:00",12269,14434,
"2023-11-05 23:50:00",12109,14433,
"2023-11-06 00:00:00",12009,14432,
"2023-11-06 00:10:00",11884,14431,
"2023-11-06 00:20:00",11841,14430,
"2023-11-06 00:30:00",11779,14429,
"2023-11-06 00:40:00",11740,14427,
"2023-11-06 00:50:00",11794,14426,
"2023-11-06 01:00:00",11782,14426,
"2023-11-06 01:10:00",11763,14425,
"2023-11-06 01:20:00",11819,14424,
"2023-11-06 01:30:00",11859,14424,
"2023-11-06 01:40:00",11858,14422,
"2023-11-06 01:50:00",11889,14421,
"2023-11-06 02:00:00",11881,14418,
"2023-11-06 02:10:00",11841,14415,
"2023-11-06 02:20:00",11821,14411,
"2023-11-06 02:30:00",11737,14406,
"2023-11-06 02:40:00",11690,14400,
"2023-11-06 02:50:00",11641,14394,
"2023-11-06 03:00:00",11549,14387,
"2023-11-06 03:10:00",11381,14379,
"2023-11-06 03:20:00",11357,14371,
"2023-11-06 03:30:00",11201,14362,
"2023-11-06 03:40:00",11069,14353,
"2023-11-06 03:50:00",10981,14344,
"2023-11-06 04:00:00",10831,14334,
"2023-11-06 04:10:00",10716,14323,
"2023-11-06 04:20:00",10582,14312,
"2023-11-06 04:30:00",10496,14301,
"2023-11-06 04:40:00",10462,14289,
"2023-11-06 04:50:00",10336,14276,
"2023-11-06 05:00:00",10266,14263,
"2023-11-06 05:10:00",10113,14249,
"2023-11-06 05:20:00",9954,14234,
"2023-11-06 05:30:00",9778,14218,
"2023-11-06 05:40:00",9673,14201,
"2023-11-06 05:50:00",9615,14184,
"2023-11-06 06:00:00",9531,14167,
"2023-11-06 06:10:00",9388,14148,
"2023-11-06 06:20:00",9301,14128,
"2023-11-06 06:30:00",9216,14108,
"2023-11-06 06:40:00",9171,14087,
"2023-11-06 06:50:00",9150,14067,
"2023-11-06 07:00:00",9052,14045,
"2023-11-06 07:10:00",9005,14023,
"2023-11-06 07:20:00",9010,14000,
"2023-11-06 07:30:00",8948,13975,
"2023-11-06 07:40:00",8966,13951,
"2023-11-06 07:50:00",8979,13926,
"2023-11-06 08:00:00",8983,13900,
"2023-11-06 08:10:00",9034,13874,
"2023-11-06 08:20:00",9112,13848,
"2023-11-06 08:30:00",9129,13822,
"2023-11-06 08:40:00",9167,13796,
"2023-11-06 08:50:00",9208,13769,
"2023-11-06 09:00:00",9213,13742,
"2023-11-06 09:10:00",9202,13715,
"2023-11-06 09:20:00",9257,13688,
"2023-11-06 09:30:00",9298,13661,
"2023-11-06 09:40:00",9429,13634,
"2023-11-06 09:50:00",9556,13607,
"2023-11-06 10:00:00",9644,13581,
"2023-11-06 10:10:00",9772,13554,
"2023-11-06 10:20:00",10004,13528,
"2023-11-06 10:30:00",10239,13501,
"2023-11-06 10:40:00",10504,13475,
"2023-11-06 10:50:00",10774,13449,
"2023-11-06 11:00:00",11006,13423,
"2023-11-06 11:10:00",11309,13398,
"2023-11-06 11:20:00",11648,13374,
"2023-11-06 11:30:00",11993,13350,
"2023-11-06 11:40:00",12324,13327,
"2023-11-06 11:50:00",12682,13304,
"2023-11-06 12:00:00",13000,13282,
"2023-11-06 12:10:00",13320,13260,
"2023-11-06 12:20:00",13624,13238,
"2023-11-06 12:30:00",13948,13216,
"2023-11-06 12:40:00",14256,13195,
"2023-11-06 12:50:00",14589,13174,
"2023-11-06 13:00:00",14810,13153,
"2023-11-06 13:10:00",15155,13132,
"2023-11-06 13:20:00",15424,13111,
"2023-11-06 13:30:00",15661,13090,
"2023-11-06 13:40:00",15860,13069,
"2023-11-06 13:50:00",16063,13049,
"2023-11-06 14:00:00",16126,13028,
"2023-11-06 14:10:00",16265,13007,
"2023-11-06 14:20:00",16312,12987,
"2023-11-06 14:30:00",16332,12967,
"2023-11-06 14:40:00",16388,12947,
"2023-11-06 14:50:00",16330,12927,
"2023-11-06 15:00:00",16188,12906,
"2023-11-06 15:10:00",15864,12884,
"2023-11-06 15:20:00",15678,12861,
"2023-11-06 15:30:00",15424,12839,
"2023-11-06 15:40:00",15181,12815,
"2023-11-06 15:50:00",14967,12791,
"2023-11-06 16:00:00",14711,12767,
"2023-11-06 16:10:00",14397,12742,
"2023-11-06 16:20:00",14080,12717,
"2023-11-06 16:30:00",13873,12693,
"2023-11-06 16:40:00",13615,12667,
"2023-11-06 16:50:00",13441,12642,
"2023-11-06 17:00:00",13343,12618,
"2023-11-06 17:10:00",13212,12594,
"2023-11-06 17:20:00",13085,12571,
"2023-11-06 17:30:00",12989,12547,
"2023-11-06 17:40:00",12902,12525,
"2023-11-06 17:50:00",12837,12502,
"2023-11-06 18:00:00",12788,12480,
"2023-11-06 18:10:00",12737,12459,
"2023-11-06 18:20:00",12745,12438,
"2023-11-06 18:30:00",12667,12417,
"2023-11-06 18:40:00",12629,12395,
"2023-11-06 18:50:00",12686,12375,
"2023-11-06 19:00:00",12679,12354,
"2023-11-06 19:10:00",12638,12334,
"2023-11-06 19:20:00",12617,12314,
"2023-11-06 19:30:00",12629,12294,
"2023-11-06 19:40:00",12604,12273,
"2023-11-06 19:50:00",12585,12252,
"2023-11-06 20:00:00",12590,12232,
"2023-11-06 20:10:00",12556,12211,
"2023-11-06 20:20:00",12461,12191,
"2023-11-06 20:30:00",12451,12171,
"2023-11-06 20:40:00",12348,12151,
"2023-11-06 20:50:00",12302,12132,
"2023-11-06 21:00:00",12128,12112,
"2023-11-06 21:10:00",9515,12076,
"2023-11-06 21:20:00",11551,12057,
"2023-11-06 21:30:00",11685,12037,
"2023-11-06 21:40:00",11539,12018,
"2023-11-06 21:50:00",11379,11999,
"2023-11-06 22:00:00",11180,11980,
"2023-11-06 22:10:00",10964,11961,
"2023-11-06 22:20:00",10792,11942,
"2023-11-06 22:30:00",10709,11924,
"2023-11-06 22:40:00",10605,11906,
"2023-11-06 22:50:00",10446,11889,
"2023-11-06 23:00:00",10315,11872,
"2023-11-06 23:10:00",10215,11856,
"2023-11-06 23:20:00",10136,11836,
"2023-11-06 23:30:00",10095,11821,
"2023-11-06 23:40:00",10027,11807,
"2023-11-06 23:50:00",9993,11794,
"2023-11-07 00:00:00",9983,11781,
"2023-11-07 00:10:00",10049,11769,
"2023-11-07 00:20:00",10064,11758,
"2023-11-07 00:30:00",10156,11747,
"2023-11-07 00:40:00",10179,11737,
"2023-11-07 00:50:00",10276,11727,
"2023-11-07 01:00:00",10319,11718,
"2023-11-07 01:10:00",10421,11709,
"2023-11-07 01:20:00",10457,11701,
"2023-11-07 01:30:00",10629,11693,
"2023-11-07 01:40:00",10730,11686,
"2023-11-07 01:50:00",10870,11679,
"2023-11-07 02:00:00",10926,11673,
"2023-11-07 02:10:00",10945,11667,
"2023-11-07 02:20:00",10996,11662,
"2023-11-07 02:30:00",11016,11658,
"2023-11-07 02:40:00",10990,11653,
"2023-11-07 02:50:00",10990,11649,
"2023-11-07 03:00:00",10955,11644,
"2023-11-07 03:10:00",10876,11640,
"2023-11-07 03:20:00",10835,11635,
"2023-11-07 03:30:00",10696,11631,
"2023-11-07 03:40:00",10671,11627,
"2023-11-07 03:50:00",10638,11624,
"2023-11-07 04:00:00",10528,11621,
"2023-11-07 04:10:00",10443,11618,
"2023-11-07 04:20:00",10380,11616,
"2023-11-07 04:30:00",10361,11615,
"2023-11-07 04:40:00",10321,11613,
"2023-11-07 04:50:00",10247,11612,
"2023-11-07 05:00:00",10157,11611,
"2023-11-07 05:10:00",10031,11610,
"2023-11-07 05:20:00",9911,11610,
"2023-11-07 05:30:00",9806,11610,
"2023-11-07 05:40:00",9704,11610,
"2023-11-07 05:50:00",9616,11609,
"2023-11-07 06:00:00",9500,11609,
"2023-11-07 06:10:00",9389,11609,
"2023-11-07 06:20:00",9318,11609,
"2023-11-07 06:30:00",9245,11609,
"2023-11-07 06:40:00",9179,11609,
"2023-11-07 06:50:00",9164,11609,
"2023-11-07 07:00:00",9104,11609,
"2023-11-07 07:10:00",9114,11610,
"2023-11-07 07:20:00",9060,11610,
"2023-11-07 07:30:00",9042,11611,
"2023-11-07 07:40:00",9000,11612,
"2023-11-07 07:50:00",9021,11614,
"2023-11-07 08:00:00",8977,11615,
"2023-11-07 08:10:00",8937,11616,
"2023-11-07 08:20:00",8938,11616,
"2023-11-07 08:30:00",8930,11616,
"2023-11-07 08:40:00",8918,11616,
"2023-11-07 08:50:00",8965,11616,
"2023-11-07 09:00:00",8967,11615,
"2023-11-07 09:10:00",9009,11615,
"2023-11-07 09:20:00",9093,11616,
"2023-11-07 09:30:00",9138,11616,
"2023-11-07 09:40:00",9217,11616,
"2023-11-07 09:50:00",9352,11616,
"2023-11-07 10:00:00",9429,11615,
"2023-11-07 10:10:00",9546,11615,
"2023-11-07 10:20:00",9716,11614,
"2023-11-07 10:30:00",9912,11613,
"2023-11-07 10:40:00",10063,11611,
"2023-11-07 10:50:00",10355,11609,
"2023-11-07 11:00:00",10577,11607,
"2023-11-07 11:10:00",10834,11604,
"2023-11-07 11:20:00",11196,11602,
"2023-11-07 11:30:00",11479,11598,
"2023-11-07 11:40:00",11838,11595,
"2023-11-07 11:50:00",12162,11592,
"2023-11-07 12:00:00",12414,11588,
"2023-11-07 12:10:00",12724,11583,
"2023-11-07 12:20:00",13112,11579,
"2023-11-07 12:30:00",13460,11576,
"2023-11-07 12:40:00",13757,11571,
"2023-11-07 12:50:00",14072,11567,
"2023-11-07 13:00:00",14330,11562,
"2023-11-07 13:10:00",14627,11558,
"2023-11-07 13:20:00",14922,11553,
"2023-11-07 13:30:00",15119,11548,
"2023-11-07 13:40:00",15319,11542,
"2023-11-07 13:50:00",15495,11537,
"2023-11-07 14:00:00",15634,11532,
"2023-11-07 14:10:00",15717,11526,
"2023-11-07 14:20:00",15793,11520,
"2023-11-07 14:30:00",15801,11515,
"2023-11-07 14:40:00",15775,11509,
"2023-11-07 14:50:00",15763,11503,
"2023-11-07 15:00:00",15677,11497,
"2023-11-07 15:10:00",15487,11493,
"2023-11-07 15:20:00",15301,11488,
"2023-11-07 15:30:00",15059,11484,
"2023-11-07 15:40:00",14857,11480,
"2023-11-07 15:50:00",14617,11476,
"2023-11-07 16:00:00",14372,11472,
"2023-11-07 16:10:00",14017,11468,
"2023-11-07 16:20:00",13764,11465,
"2023-11-07 16:30:00",13523,11462,
"2023-11-07 16:40:00",13302,11459,
"2023-11-07 16:50:00",13148,11456,
"2023-11-07 17:00:00",13017,11453,
"2023-11-07 17:10:00",12909,11450,
"2023-11-07 17:20:00",12805,11447,
"2023-11-07 17:30:00",12660,11445,
"2023-11-07 17:40:00",12537,11442,
"2023-11-07 17:50:00",12419,11438,
"2023-11-07 18:00:00",12425,11435,
"2023-11-07 18:10:00",12356,11432,
"2023-11-07 18:20:00",12286,11429,
"2023-11-07 18:30:00",12261,11426,
"2023-11-07 18:40:00",12242,11423,
"2023-11-07 18:50:00",12245,11420,
"2023-11-07 19:00:00",12196,11416,
"2023-11-07 19:10:00",12161,11412,
"2023-11-07 19:20:00",12176,11409,
"2023-11-07 19:30:00",12242,11406,
"2023-11-07 19:40:00",12262,11403,
"2023-11-07 19:50:00",12304,11401,
"2023-11-07 20:00:00",12321,11399,
"2023-11-07 20:10:00",12282,11397,
"2023-11-07 20:20:00",12256,11395,
"2023-11-07 20:30:00",12211,11393,
"2023-11-07 20:40:00",12064,11391,
"2023-11-07 20:50:00",11947,11388,
"2023-11-07 21:00:00",11801,11385,
"2023-11-07 21:10:00",11637,11400,
"2023-11-07 21:20:00",11421,11399,
"2023-11-07 21:30:00",11331,11396,
"2023-11-07 21:40:00",11152,11394,
"2023-11-07 21:50:00",11101,11392,
"2023-11-07 22:00:00",10959,11391,
"2023-11-07 22:10:00",10801,11390,
"2023-11-07 22:20:00",10550,11389,
"2023-11-07 22:30:00",10405,11387,
"2023-11-07 22:40:00",10227,11385,
"2023-11-07 22:50:00",10142,11383,
"2023-11-07 23:00:00",10031,11382,
"2023-11-07 23:10:00",4353,11343,
"2023-11-07 23:20:00",8995,11339,
"2023-11-07 23:30:00",9593,11337,
"2023-11-07 23:40:00",9563,11334,
"2023-11-07 23:50:00",9586,11333,
"2023-11-08 00:00:00",9558,11331,
"2023-11-08 00:10:00",9596,11328,
"2023-11-08 00:20:00",8977,11322,
"2023-11-08 00:30:00",8670,11313,
"2023-11-08 00:40:00",9635,11311,
"2023-11-08 00:50:00",9911,11309,
"2023-11-08 01:00:00",9958,11307,
"2023-11-08 01:10:00",10016,11305,
"2023-11-08 01:20:00",10151,11304,
"2023-11-08 01:30:00",10301,11302,
"2023-11-08 01:40:00",10427,11301,
"2023-11-08 01:50:00",10511,11299,
"2023-11-08 02:00:00",10583,11297,
"2023-11-08 02:10:00",10574,11294,
"2023-11-08 02:20:00",10604,11292,
"2023-11-08 02:30:00",10601,11290,
"2023-11-08 02:40:00",10169,11284,
"2023-11-08 02:50:00",9375,11274,
"2023-11-08 03:00:00",8806,11260,
"2023-11-08 03:10:00",8673,11246,
"2023-11-08 03:20:00",8539,11232,
"2023-11-08 03:30:00",8471,11218,
"2023-11-08 03:40:00",8422,11204,
"2023-11-08 03:50:00",8433,11190,
"2023-11-08 04:00:00",8497,11178,
"2023-11-08 04:10:00",8679,11167,
"2023-11-08 04:20:00",8744,11157,
"2023-11-08 04:30:00",8849,11148,
"2023-11-08 04:40:00",8974,11139,
"2023-11-08 04:50:00",9034,11132,
"2023-11-08 05:00:00",9056,11126,
"2023-11-08 05:10:00",8993,11119,
"2023-11-08 05:20:00",8967,11114,
"2023-11-08 05:30:00",8912,11109,
"2023-11-08 05:40:00",8830,11104,
"2023-11-08 05:50:00",8761,11099,
"2023-11-08 06:00:00",8685,11095,
"2023-11-08 06:10:00",8609,11091,
"2023-11-08 06:20:00",8563,11087,
"2023-11-08 06:30:00",8548,11083,
"2023-11-08 06:40:00",8474,11079,
"2023-11-08 06:50:00",8469,11076,
"2023-11-08 07:00:00",8461,11073,
"2023-11-08 07:10:00",8410,11069,
"2023-11-08 07:20:00",8362,11066,